n;Site_gestion_date;si ajout;Ordre total;Ordre par jour;Tri si modif;Quadrat;Numéro;Nombre_quadrats;Site;Gestion_2;Parcelle;Gestion_3;Gestion_4;Mixte_isole;Y;X;Green100;Building100;Impervious100;Natural100;Area_gis_m_sq;Aire_steven;id;Quartier;Jours;Gestion_moment_4;Gestion_moment_5;Activite;Periode;Date;Heure_debut;Heure_fin;Temperature;Meteo;Achillea_millefolium;Bellis_perennis;Betonica_officinalis;Campanula_rapunculus;Centaurea_jacea;Centaurium_erythraea;Cerastium_fontanum;Cichorium_intybus;Cirsium_arvense;Cirsium_vulgare;Crepis_capillaris;Daucus_carota;Galium_mollugo;Geranium_dissectum;Geranium_molle;Geranium_pratense;Heracleum_sphondylium;Hypericum_perforatum;Hypochaeris_radicata;Jacobaea_vulgaris;Knautia_arvensis;Lapsana_communis;Lathyrus_latifolius;Leucanthemum_vulgare;Lotus_corniculatus;Malva_alcea_._Malva_moschata;Matricaria_chamomilla_Tripleurospermum_maritimum;Medicago_lupulina;Medicago_sativa;Origanum_vulgare;Picris_hieracioides;Plantago_lanceolata;Prunella_vulgaris;Ranunculus_acris;Ranunculus_repens;Rhinanthus_angustifolius;Rhinanthus_minor;Silene_latifolia;Tanacetum_vulgare;Torilis_japonica;Trifolium_campestre;Trifolium_dubium;Trifolium_pratense;Trifolium_repens;Veronica_arvensis;Veronica_persica;Veronica_serpyllifolia;Vicia_sativa;Vicia_tetrasperma_subsp._tetrasperma;Aglais_io;Andrena_dorsata;Andrena_flavipes;Andrena_fulvago;Andrena_humilis;Andrena_minutula-gr.;Andrena_proxima;Andrena_rosae;Andrena_spec.;Anthophila_indet.;Apis_mellifera;Aricia_agestis;Bombus_lapidarius;Bombus_lucorum;Bombus_pascuorum;Bombus_pratorum;Bombus_spec.;Bombus_terrestris/lucorum/magnus/cryptarum;Bombus_vestalis;Bombus_vestalis/bohemicus;Carcharodus_alceae;Ceratina_cyanea;Cerceris_arenaria;Cerceris_rybyensis;Cerceris_spec.;Cheilosia_pagana;Cheilosia_spec.;Cheilosia_variabilis;Chelostoma_rapunculi;Colletes daviesanus/fodiens/similis;Dasypoda_hirtipes;Dasysyrphus_albostriatus;Episyrphus_balteatus;Eristalis_arbustorum;Eristalis_arbustorum/abusiva;Eristalis_intricaria;Eristalis_nemorum;Eristalis_pertinax;Eristalis_spec.;Eristalis_tenax;Euclidia_glyphica;Eupeodes_corollae;Eupeodes_latifasciatus;Eupeodes_luniger;Halictidae_indet.;Halictus_scabiosae;Helophilus_pendulus;Helophilus_trivittatus;Heriades_truncorum;Hylaeus_communis;Hylaeus_gredleri;Hylaeus_spec.;Lasioglossum_(Dialictus)_spec.;Lasioglossum_(Leuchalictus)_spec.;Lasioglossum_(Sphecodogastra)_spec.;Lasioglossum_leucozonium;Lasioglossum_sexnotatum;Lasioglossum_spec.;Lycaena_phlaeas;Macroglossum_stellatarum;Maniola_jurtina;Megachile_centuncularis;Megachile_spec.;Megachile_willughbiella;Melanostoma_mellinum;Melanostoma_mellinum_Platycheirus_albimanus;Melanostoma_spec.;Mesembrina_meridiana;Myathropa_florea;Neoascia_spec.;Nowickia_ferox;Osmia_leaiana/niveata;Osmia_spinulosa;Panurgus_calcaratus;Paragus_haemorrhous;Pieris_brassicae;Pieris_napi;Pieris_rapae;Pieris_spec.;Pipizella_spec.;Pipizella_viduata;Platycheirus_albimanus;Polygonia_c.album;Polyommatus_icarus;Pyronia_tithonus;Rhopalocera_indet.;Scaeva_pyrastri;Scaeva_selenitica;Scaeva_spec.;Sphaerophoria_scripta;Sphaerophoria_spec.;Sphecodes_spec.;Stelis_punctulatissima;Stomorhina_lunata;Syritta_pipiens;Syrphidae_indet.;Syrphus_ribesii;Syrphus_spec.;Volucella_zonaria
1;Anneau_CN_Fauche_Juin;2;13;9,1;9;2;2;3;Anneau_CN;Fauche;Anneau_CN_Fauche;Fauche;Fleuri;mixte;50,67092;4,612507;14757,30902;12050,59775;5007,263085;5228,231503;2361;2352,413818;1;Centre;B;Fauche;Fleuri;Nulle;1_Juin;21-06-22;11:45:00;12:35:00;18;nuageux;0;11;0;0;0;0;0;0;0;0;0;0;0;2;0;0;0;0;37;1;0;0;0;0;0;0;0;255;0;0;0;0;1;0;2;0;0;0;0;0;49;11;50;0;0;0;0;0;1;0;0;0;1;0;0;0;0;0;0;0;0;0;0;1;0;0;0;0;0;0;0;0;0;0;0;0;0;0;0;0;0;1;0;0;0;0;0;0;0;0;0;0;0;0;0;0;0;0;0;0;0;1;0;0;0;0;0;0;0;0;0;0;0;0;0;0;0;0;0;0;0;0;0;0;0;0;0;0;0;0;1;0;0;0;0;1;0;0;1;0;0;0;0;0;0;0;3;0
2;Anneau_CN_Fauche_miJuillet;68;84;13,1;56;2;2;3;Anneau_CN;Fauche;Anneau_CN_Fauche;Fauche;Fleuri;mixte;50,67092;4,612507;14757,30902;12050,59775;5007,263085;5228,231503;2361;2352,413818;1;Centre;B;Fauche;Fleuri;Nulle;2_miJuillet;10-07-22;16:45:00;17:30:00;21;nuageux;0;5;0;0;0;0;0;0;0;1;0;4;0;0;0;0;0;0;1;28;0;0;0;0;0;0;0;71;0;0;0;6;20;0;0;0;0;0;0;0;12;3;25;0;0;0;0;0;0;0;0;0;0;0;0;0;0;0;0;0;0;0;0;4;0;0;0;0;0;0;0;0;0;0;0;0;0;0;0;0;0;1;0;0;0;3;0;0;2;0;0;0;0;0;0;0;0;3;0;0;1;0;0;0;0;0;1;0;0;1;0;0;0;0;0;0;0;0;0;0;0;0;0;0;0;0;0;0;1;0;2;0;0;0;0;0;0;0;0;1;0;0;0;0;0;0;0;0
3;Aula_Tonte_finJuillet;196;156;17;116;44;34;1;Aula;Tonte;Aula_Tonte;Tonte;Tonte;mixte;50,666357;4,60637;16345,26261;4600,931336;949,6576875;0;11943;11990,00488;2;Bruyeres;B;Tonte_tardive;Tonte_tardive;Forte;3_finJuillet;23-07-22;11:50:00;12:20:00;22;soleil;0;2;0;0;0;0;0;0;0;0;0;0;0;0;0;0;0;0;1;0;0;0;0;0;19;0;0;0;0;0;0;9;15;0;0;0;0;0;0;0;0;0;0;0;0;0;0;0;0;0;0;0;0;0;0;0;0;0;0;0;0;1;0;2;0;0;0;0;0;0;0;0;0;0;0;0;0;0;0;0;0;0;0;0;0;0;0;0;0;0;0;0;0;0;0;0;0;0;0;0;0;0;0;0;0;0;0;0;0;0;0;0;0;0;0;0;0;0;0;0;0;0;0;0;0;0;0;0;0;0;0;0;1;0;0;0;0;0;0;0;0;0;0;0;0;0;0;0
4;Aula_Tonte_Juin;64;23;16;22;44;34;1;Aula;Tonte;Aula_Tonte;Tonte;Tonte;mixte;50,666357;4,60637;16345,26261;4600,931336;949,6576875;0;11943;11990,00488;2;Bruyeres;C;Tonte_tardive;Tonte_tardive;Forte;1_Juin;22-06-22;10:10:00;10:40:00;19;soleil;0;72;0;0;0;0;0;0;0;0;0;0;0;0;1;0;0;0;0;0;0;0;0;0;9;0;0;0;0;0;0;15;0;0;0;0;0;0;0;0;0;0;0;0;0;0;0;0;0;0;0;0;0;0;0;0;0;0;1;0;0;0;0;0;0;0;0;0;0;0;0;0;0;0;0;0;0;0;0;0;0;0;0;0;0;0;0;0;0;0;0;0;0;0;0;0;0;0;0;0;0;0;0;0;0;0;0;0;0;0;0;0;0;0;0;0;0;0;0;0;0;0;0;0;0;0;0;0;0;0;0;0;0;0;0;0;0;0;0;0;0;0;0;0;0;0;0;0
5;Aula_Tonte_miJuillet;130;96;23;69;44;34;1;Aula;Tonte;Aula_Tonte;Tonte;Tonte;mixte;50,666357;4,60637;16345,26261;4600,931336;949,6576875;0;11943;11990,00488;2;Bruyeres;C;Tonte_recente;Tonte_recente;Forte;2_miJuillet;11-07-22;16:00:00;16:30:00;24;soleil;0;39;0;0;0;0;0;0;0;0;0;0;0;0;0;0;0;0;0;0;0;0;0;0;0;0;0;0;0;0;0;0;0;0;0;0;0;0;0;0;0;0;0;0;0;0;0;0;0;0;0;0;0;0;0;0;0;0;0;0;0;0;0;0;0;0;0;0;0;0;0;0;0;0;0;0;0;0;0;0;0;0;0;0;0;0;0;0;0;0;0;0;0;0;0;0;0;0;0;0;0;0;0;0;0;0;0;0;0;0;0;0;0;0;0;0;0;0;0;0;0;0;0;0;0;0;0;0;0;0;0;0;0;0;0;0;0;0;0;0;0;0;0;0;0;0;0;0
6;AvGL_Fauche_finJuillet;160;173;31;129;20;16;1;AvGL;Fauche;AvGL_Fauche;Fauche;Fleuri;mixte;50,670063;4,623615;9827,306641;6529,242285;14002,28611;5132,816804;453;118,6545486;1;Biereau;C;Fauche;Fleuri;Nulle;3_finJuillet;24-07-22;11:00:00;11:30:00;24;soleil;0;0;0;0;0;0;0;0;0;0;0;0;0;0;0;0;0;0;12;0;0;0;0;0;0;0;0;0;0;0;0;0;2;0;0;0;0;0;0;0;0;0;0;18;0;0;0;0;0;1;0;0;0;0;0;0;0;1;0;2;0;0;0;1;0;0;0;0;0;0;0;0;0;0;0;0;0;0;0;0;0;0;0;0;0;0;0;0;0;0;0;0;0;0;0;0;0;0;0;0;0;0;0;1;0;0;3;0;0;0;0;0;0;0;0;0;0;0;0;0;0;0;0;0;0;0;0;0;0;0;0;0;0;0;0;0;0;0;0;0;0;0;0;1;1;0;0;0
7;AvGL_Fauche_Juin;28;47;35;35;20;16;1;AvGL;Fauche;AvGL_Fauche;Fauche;Fleuri;mixte;50,670063;4,623615;9827,306641;6529,242285;14002,28611;5132,816804;453;118,6545486;1;Biereau;E;Fauche;Fleuri;Nulle;1_Juin;28-06-22;11:40:00;12:10:00;20;soleil;0;4;0;0;0;0;0;0;0;0;0;0;0;0;0;0;0;0;5;0;0;0;0;0;0;0;0;0;0;0;0;0;41;0;0;0;0;0;0;0;0;1;0;120;0;0;0;0;0;0;0;0;0;0;0;0;0;0;1;5;0;0;0;2;0;0;0;0;0;0;0;0;0;0;0;0;0;0;0;0;0;8;0;0;0;0;0;0;0;0;1;0;0;1;0;0;0;0;0;0;0;0;0;0;0;0;3;0;0;0;0;0;0;0;1;0;0;0;0;0;0;0;0;0;0;0;0;0;0;0;2;0;0;0;0;0;0;0;0;1;0;0;0;1;0;0;4;0
8;AvGL_Fauche_miJuillet;94;119;39;82;20;16;1;AvGL;Fauche;AvGL_Fauche;Fauche;Fleuri;mixte;50,670063;4,623615;9827,306641;6529,242285;14002,28611;5132,816804;453;118,6545486;1;Biereau;E;Fauche;Fleuri;Nulle;2_miJuillet;13-07-22;14:30:00;15:00:00;29;soleil;0;4;0;0;0;0;0;0;0;0;0;0;0;0;0;0;0;0;2;0;0;0;0;0;0;0;0;0;0;0;0;0;17;0;0;0;0;0;0;0;0;0;0;23;0;0;0;0;0;0;0;0;0;0;0;0;0;0;2;11;0;2;0;0;0;0;0;0;0;0;0;0;0;0;0;0;0;0;0;0;0;0;0;0;0;0;0;0;0;0;0;0;0;0;0;0;0;0;0;0;0;0;0;0;0;0;0;0;0;0;0;0;0;0;0;0;0;0;0;0;0;0;0;0;0;0;0;0;0;0;0;0;0;0;0;0;0;0;0;0;0;0;0;0;1;0;0;0
9;AvGL_Tonte_finJuillet;159;183;37;128;19;16;1;AvGL;Tonte;AvGL_Tonte;Tonte;Tonte;mixte;50,669887;4,624059;6283,915266;6780,912215;14592,46253;6079,53507;478;356,856781;2;Biereau;C;Tonte_tardive;Tonte_tardive;Nulle;3_finJuillet;24-07-22;14:55:00;15:25:00;29;soleil;0;6;0;0;0;0;0;0;0;0;0;0;0;0;0;0;0;0;1;0;0;0;0;0;0;0;0;0;0;0;0;0;1;0;0;0;0;0;0;0;0;0;0;4;0;0;0;0;0;0;0;0;0;0;0;0;0;0;0;0;0;0;0;0;0;0;0;0;0;0;0;0;0;0;0;0;0;0;0;0;0;0;0;0;0;0;0;0;0;0;0;0;0;0;0;0;0;0;0;0;0;0;0;0;0;0;0;0;0;0;0;0;0;0;0;0;0;0;0;0;0;0;0;0;0;0;0;0;0;0;0;0;0;0;0;0;0;0;0;0;0;0;0;0;0;0;0;0
10;AvGL_Tonte_Juin;27;46;34;34;19;16;1;AvGL;Tonte;AvGL_Tonte;Tonte;Tonte;mixte;50,669887;4,624059;6283,915266;6780,912215;14592,46253;6079,53507;478;356,856781;2;Biereau;E;Tonte_tardive;Tonte_tardive;Nulle;1_Juin;28-06-22;11:00:00;11:30:00;19;soleil;0;12;0;0;0;0;0;0;0;0;0;0;0;0;0;0;0;0;5;0;0;0;0;0;0;0;0;0;0;0;0;0;14;0;0;0;0;0;0;0;0;10;0;120;0;0;1;0;0;0;0;0;0;0;0;0;0;0;0;0;0;0;0;0;0;0;0;0;0;0;0;0;0;0;0;0;0;0;0;0;0;5;0;0;0;0;0;0;0;0;0;0;0;0;0;0;0;0;0;0;0;0;0;0;0;0;0;0;0;0;0;0;0;1;0;0;0;0;0;0;0;0;0;0;0;0;0;0;0;0;0;0;0;0;0;0;0;0;0;0;0;0;0;0;0;0;0;0
11;AvGL_Tonte_miJuillet;93;118;38;81;19;16;1;AvGL;Tonte;AvGL_Tonte;Tonte;Tonte;mixte;50,669887;4,624059;6283,915266;6780,912215;14592,46253;6079,53507;478;356,856781;2;Biereau;E;Tonte_recente;Tonte_recente;Nulle;2_miJuillet;13-07-22;14:00:00;14:30:00;28;soleil;0;0;0;0;0;0;0;0;0;0;0;0;0;0;0;0;0;0;0;0;0;0;0;0;0;0;0;0;0;0;0;0;1;0;0;0;0;0;0;0;0;0;0;0;0;0;0;0;0;0;0;0;0;0;0;0;0;0;0;0;0;0;0;0;0;0;0;0;0;0;0;0;0;0;0;0;0;0;0;0;0;0;0;0;0;0;0;0;0;0;0;0;0;0;0;0;0;0;0;0;0;0;0;0;0;0;0;0;0;0;0;0;0;0;0;0;0;0;0;0;0;0;0;0;0;0;0;0;0;0;0;0;0;0;0;0;0;0;0;0;0;0;0;0;0;0;0;0
12;AvThSc_Fauche_finJuillet;166;177;33;133;24;20;1;AvThSc;Fauche;AvThSc_Fauche;Fauche;Fleuri;isole_fauche;50,668167;4,624323;7491,093543;9137,534486;8270,817157;4660,72433;1326;2187,670166;1;Biereau;C;Fauche;Fleuri;Moyenne;3_finJuillet;24-07-22;12:20:00;12:50:00;27;soleil;0;0;0;0;0;0;0;0;0;0;0;0;0;0;0;0;0;0;5;0;0;0;0;0;0;0;0;0;0;0;0;0;3;0;0;0;0;0;0;0;0;0;0;2;0;0;0;0;0;0;0;0;0;0;0;0;0;0;1;0;0;0;0;1;0;0;0;0;0;0;0;0;0;0;0;0;0;0;0;0;1;0;0;0;0;0;0;0;0;0;0;0;0;0;0;0;0;0;0;0;0;0;0;0;0;0;0;0;0;0;0;0;0;0;0;0;0;0;0;0;0;0;0;0;0;0;0;0;0;0;0;0;0;0;0;0;0;0;0;0;0;0;0;0;0;0;0;0
13;AvThSc_Fauche_Juin;34;52;38;39;24;20;1;AvThSc;Fauche;AvThSc_Fauche;Fauche;Fleuri;isole_fauche;50,668167;4,624323;7491,093543;9137,534486;8270,817157;4660,72433;1326;2187,670166;1;Biereau;E;Fauche;Fleuri;Moyenne;1_Juin;28-06-22;15:05:00;15:35:00;24;soleil;0;0;0;0;0;0;0;0;0;0;0;0;0;0;0;0;0;0;1;0;0;0;0;0;0;0;0;0;0;0;0;0;5;0;0;0;0;0;0;0;0;0;0;35;0;0;0;0;0;0;0;0;0;0;0;0;0;0;0;1;0;1;0;1;0;0;0;0;0;0;0;0;0;0;0;0;0;0;0;0;0;3;0;0;0;0;0;0;0;0;0;0;0;0;0;0;0;0;0;0;0;0;0;0;0;0;0;0;0;0;0;0;0;1;0;0;0;0;0;0;0;0;0;0;0;0;0;0;0;0;2;0;0;0;0;0;0;0;0;0;0;0;0;1;0;0;1;0
14;AvThSc_Fauche_miJuillet;100;114;36;86;24;20;1;AvThSc;Fauche;AvThSc_Fauche;Fauche;Fleuri;isole_fauche;50,668167;4,624323;7491,093543;9137,534486;8270,817157;4660,72433;1326;2187,670166;1;Biereau;E;Fauche;Fleuri;Moyenne;2_miJuillet;13-07-22;12:20:00;12:50:00;27;alternances;0;0;0;0;0;0;0;0;0;0;0;0;0;0;0;0;0;0;3;0;0;0;0;0;0;0;0;0;0;0;0;0;1;0;0;0;0;0;0;0;0;0;0;4;0;0;0;0;0;0;0;0;0;0;0;0;0;0;0;1;0;0;0;0;0;0;0;0;0;0;0;0;0;0;0;0;0;0;0;0;0;0;0;0;0;0;0;0;0;0;0;0;0;0;0;0;0;0;0;0;0;0;0;0;0;0;1;0;0;0;0;0;0;0;0;0;0;0;0;0;0;0;0;0;0;0;0;0;0;0;0;0;0;0;0;0;0;0;0;0;0;0;0;0;1;0;0;0
15;BlancsChevaux_Tonte_finJuillet;139;149;11;106;5;5;1;BlancsChevaux;Tonte;BlancsChevaux_Tonte;Tonte;Tonte;isole_tonte;50,670718;4,608892;5176,054555;13228,73054;7255,247475;1446,239863;2622;716,491394;2;Hocaille;A;Tonte_tardive;Tonte_tardive;Forte;3_finJuillet;22-07-22;15:45:00;16:15:00;22;alternances;0;5;0;0;0;0;0;0;0;0;0;0;0;0;0;0;0;0;0;0;0;0;0;0;0;0;0;0;0;0;0;0;0;0;0;0;0;0;0;0;0;0;0;10;0;0;0;0;0;0;0;0;0;0;0;0;0;0;0;0;0;0;0;0;0;0;0;0;0;0;0;0;0;0;0;0;0;0;0;0;0;0;0;0;0;0;0;0;0;0;0;0;0;0;0;0;0;0;0;0;0;0;0;0;0;0;0;0;0;0;0;0;0;0;0;0;0;0;0;0;0;0;0;0;0;0;0;0;0;0;0;0;0;0;0;0;0;0;0;0;0;0;0;0;0;0;0;0
16;BlancsChevaux_Tonte_Juin;7;16;10;12;5;5;1;BlancsChevaux;Tonte;BlancsChevaux_Tonte;Tonte;Tonte;isole_tonte;50,670718;4,608892;5176,054555;13228,73054;7255,247475;1446,239863;2622;716,491394;2;Hocaille;B;Tonte_tardive;Tonte_tardive;Forte;1_Juin;21-06-22;13:00:00;13:30:00;18;nuageux;0;1;0;0;0;0;0;0;0;0;0;0;0;0;0;0;0;0;0;0;0;0;0;0;0;0;0;0;0;0;0;0;0;0;0;0;0;0;0;0;0;0;0;100;0;0;0;0;0;0;0;0;0;0;0;0;0;0;0;1;0;0;0;0;0;0;0;0;0;0;0;0;0;0;0;0;0;0;0;0;0;1;0;0;0;0;0;0;0;0;0;0;0;0;0;0;0;0;0;0;0;0;0;0;0;0;0;0;0;0;0;0;0;0;0;0;0;0;0;0;0;0;0;0;0;0;0;0;0;0;0;0;0;0;0;0;0;0;0;0;0;0;0;0;0;0;0;0
17;BlancsChevaux_Tonte_miJuillet;73;79;9;59;5;5;1;BlancsChevaux;Tonte;BlancsChevaux_Tonte;Tonte;Tonte;isole_tonte;50,670718;4,608892;5176,054555;13228,73054;7255,247475;1446,239863;2622;716,491394;2;Hocaille;B;Tonte_recente;Tonte_recente;Forte;2_miJuillet;10-07-22;12:00:00;12:30:00;19;nuageux;0;1;0;0;0;0;0;0;0;0;0;0;0;0;0;0;0;0;0;0;0;0;0;0;0;0;0;0;0;0;0;0;0;0;0;0;0;0;0;0;0;0;0;11;0;0;0;0;0;0;0;0;0;0;0;0;0;0;0;0;0;0;0;0;0;0;0;0;0;0;0;0;0;0;0;0;0;0;0;0;0;0;0;0;0;0;0;0;0;0;0;0;0;0;0;0;0;0;0;0;0;0;0;0;0;0;0;0;0;0;0;0;0;0;0;0;0;0;0;0;0;0;0;0;0;0;0;0;0;0;0;0;0;0;0;0;0;0;0;0;0;0;0;0;0;0;0;0
18;Blocry_Tonte_finJuillet;140;148;10;107;6;6;1;Blocry;Tonte;Blocry_Tonte;Tonte;Tonte;isole_tonte;50,67029085;4,604130801;9100,485372;11406,62545;26943,76588;0;1359;421,5638733;2;Hocaille;A;Tonte_recente;Tonte_recente;Forte;3_finJuillet;22-07-22;15:10:00;15:40:00;22;alternances;0;15;0;0;0;0;0;0;0;0;0;0;0;0;0;0;0;0;0;0;0;0;0;0;0;0;0;0;0;0;0;0;0;0;0;0;0;0;0;0;0;0;0;12;0;0;0;0;0;0;0;0;0;0;0;0;0;0;0;3;0;0;0;1;0;0;0;0;0;0;0;0;0;0;0;0;0;0;0;0;0;0;0;0;0;0;0;0;0;0;0;0;0;0;0;0;0;0;0;0;0;0;0;0;0;0;0;0;0;0;0;0;0;0;0;0;0;0;0;0;0;0;0;0;0;0;0;0;0;0;0;0;0;0;0;0;0;0;0;0;0;0;0;0;0;0;0;0
19;Blocry_Tonte_Juin;8;19;12;13;6;6;1;Blocry;Tonte;Blocry_Tonte;Tonte;Tonte;isole_tonte;50,67029085;4,604130801;9100,485372;11406,62545;26943,76588;0;1359;421,5638733;2;Hocaille;B;Tonte_tardive;Tonte_tardive;Forte;1_Juin;21-06-22;15:35:00;16:05:00;19;nuageux;0;14;0;0;0;0;0;0;0;0;0;0;0;0;0;0;0;0;0;0;0;0;0;0;0;0;0;0;0;0;0;0;0;0;0;0;0;0;0;0;0;0;0;122;0;0;0;0;0;0;0;0;0;0;0;0;0;0;0;0;0;0;0;1;0;0;0;0;0;0;0;0;0;0;0;0;0;0;0;0;0;0;0;0;0;0;0;0;0;0;1;0;0;0;0;0;0;0;0;0;0;0;0;0;0;0;0;0;0;0;0;0;0;0;0;0;0;0;0;0;0;0;0;0;0;0;0;0;0;0;0;0;0;0;0;0;0;0;0;0;0;0;0;0;0;0;1;0
20;Blocry_Tonte_miJuillet;74;78;8;60;6;6;1;Blocry;Tonte;Blocry_Tonte;Tonte;Tonte;isole_tonte;50,67029085;4,604130801;9100,485372;11406,62545;26943,76588;0;1359;421,5638733;2;Hocaille;B;Tonte_recente;Tonte_recente;Forte;2_miJuillet;10-07-22;11:20:00;11:50:00;19;alternances;0;0;0;0;0;0;0;0;0;0;0;0;0;0;0;0;0;0;0;0;0;0;0;0;0;0;0;0;0;0;0;0;0;0;0;0;0;0;0;0;0;0;0;49;0;0;0;0;0;0;0;0;0;0;0;0;0;0;0;0;0;0;0;1;0;0;0;0;0;0;0;0;0;0;0;0;0;0;0;0;0;0;0;0;0;0;0;0;0;0;0;0;0;0;0;0;0;0;0;0;0;0;0;0;0;0;1;0;0;0;0;0;0;0;0;0;0;0;0;0;0;0;0;0;0;0;0;0;0;0;0;0;0;0;0;0;0;0;0;0;0;0;0;0;0;0;1;0
21;Blvd_Nord_Fauche_Juin;5;21;14;10;3;3;1;Blvd_Nord;Fauche;Blvd_Nord_Fauche;Fauche;Fleuri;mixte;50,671397;4,611596;5299,990717;12996,37916;6079,322005;3805,76182;1073;976,5899658;1;Lauzelle;B;Fauche;Fleuri;Nulle;1_Juin;21-06-22;17:30:00;18:00:00;21;nuageux;0;0;0;0;0;0;0;0;6;0;0;0;0;0;0;0;0;0;0;2;0;0;0;0;0;0;0;0;0;0;0;0;0;0;0;0;0;0;0;0;0;0;0;0;0;0;0;0;0;0;0;0;0;0;0;0;0;1;0;3;0;0;0;0;0;0;0;0;0;0;0;0;0;0;0;0;0;0;0;0;0;3;0;0;0;0;0;0;2;0;0;0;0;0;0;0;0;0;0;0;0;0;0;0;0;0;2;0;1;1;0;0;0;0;0;0;0;0;0;0;0;0;0;0;0;0;0;0;0;0;0;0;0;0;0;0;0;0;0;1;0;0;0;0;0;2;14;0
22;Blvd_Nord_Fauche_miJuillet;71;82;11;57;3;3;1;Blvd_Nord;Fauche;Blvd_Nord_Fauche;Fauche;Fleuri;mixte;50,671397;4,611596;5299,990717;12996,37916;6079,322005;3805,76182;1073;976,5899658;1;Lauzelle;B;Fauche;Fleuri;Nulle;2_miJuillet;10-07-22;14:30:00;15:00:00;21;alternances;0;0;0;0;0;0;0;0;13;0;0;0;0;0;0;0;0;0;1;2;0;0;0;0;0;0;0;0;0;0;0;0;0;0;0;0;0;0;0;11;0;0;0;0;0;0;0;0;0;0;0;0;0;0;0;0;0;0;3;4;0;0;0;0;0;0;0;0;0;0;0;0;0;0;0;0;0;0;0;0;0;0;0;0;1;0;0;1;1;0;0;0;0;0;0;0;0;0;0;0;7;0;0;0;0;0;2;0;0;0;0;0;0;0;0;0;0;0;0;0;0;1;0;0;1;0;3;0;0;0;0;0;0;1;0;0;0;0;0;0;0;0;0;0;0;0;0;0
23;Bois_Palette_Tonte_finJuillet;194;155;16;114;42;32;1;Bois_Palette;Tonte;Bois_Palette_Tonte;Tonte;Tonte;isole_tonte;50,66557481;4,608865049;5587,518075;6541,312868;1165,252286;19796,62105;2239;1156,689453;2;Bruyeres;B;Tonte_recente;Tonte_recente;Moyenne;3_finJuillet;23-07-22;11:30:00;12:00:00;21;soleil;0;1;0;0;0;0;0;0;0;0;0;0;0;0;0;0;0;0;0;0;0;0;0;0;0;0;0;0;0;0;0;0;0;0;0;0;0;0;0;0;0;0;0;19;0;0;0;0;0;0;0;0;0;0;0;0;0;0;0;1;0;0;0;0;0;0;0;0;0;0;0;0;0;0;0;0;0;0;0;0;0;0;0;0;0;0;0;0;0;0;0;0;0;0;0;0;0;0;0;0;0;0;0;0;0;0;0;0;0;0;0;0;0;0;0;0;0;0;0;0;0;0;0;0;0;0;0;0;0;0;0;0;0;0;0;0;0;0;0;0;0;0;0;0;0;0;0;0
24;Bois_Palette_Tonte_Juin;62;27;20;20;42;32;1;Bois_Palette;Tonte;Bois_Palette_Tonte;Tonte;Tonte;isole_tonte;50,66557481;4,608865049;5587,518075;6541,312868;1165,252286;19796,62105;2239;1156,689453;2;Bruyeres;C;Tonte_tardive;Tonte_tardive;Moyenne;1_Juin;22-06-22;13:55:00;14:25:00;23;soleil;0;10;0;0;0;0;0;0;0;0;0;0;0;0;0;0;0;0;0;0;0;0;0;0;0;0;0;0;0;0;0;0;0;0;0;0;0;0;0;0;0;0;0;51;0;0;0;0;0;0;0;0;0;0;0;0;0;0;0;4;0;0;0;0;0;0;0;0;0;0;0;0;0;0;0;0;0;0;0;0;0;0;0;0;0;0;0;0;0;0;0;0;0;0;0;0;0;0;0;0;0;0;0;0;0;0;0;0;0;0;0;0;0;0;0;0;0;0;0;0;0;0;0;0;0;0;0;0;0;0;0;0;0;0;0;0;0;0;0;0;0;0;0;0;0;1;2;0
25;Bois_Palette_Tonte_miJuillet;128;92;19;67;42;32;1;Bois_Palette;Tonte;Bois_Palette_Tonte;Tonte;Tonte;isole_tonte;50,66557481;4,608865049;5587,518075;6541,312868;1165,252286;19796,62105;2239;1156,689453;2;Bruyeres;C;Tonte_tardive;Tonte_tardive;Moyenne;2_miJuillet;11-07-22;13:15:00;13:45:00;22;soleil;0;1;0;0;0;0;0;0;0;0;0;0;0;0;0;0;0;0;0;0;0;0;0;0;0;0;0;0;0;0;0;0;0;0;1;0;0;0;0;0;0;0;0;39;0;0;0;0;0;0;0;0;0;0;0;0;0;0;1;7;0;0;0;0;0;0;0;0;0;0;0;0;0;0;0;0;0;0;0;0;0;1;0;0;0;0;0;0;0;0;0;0;0;0;0;0;0;0;0;0;0;0;0;0;0;0;0;0;0;0;0;0;0;0;0;0;0;0;0;0;0;0;0;0;0;0;0;0;0;0;0;0;0;0;0;0;0;0;0;0;0;0;0;0;0;0;0;0
26;BST_Fauche_finJuillet;146;178;34,1;120;11;10;3;BST;Fauche;BST_Fauche;Fauche;Fleuri;mixte;50,669741;4,618801;4096,484311;11677,3224;32702,59211;922,0572379;392;587,1217041;1;Biereau;C;Fauche;Fleuri;Nulle;3_finJuillet;24-07-22;13:05:00;13:45:00;27;soleil;0;4;0;0;0;0;0;8;0;0;0;0;0;0;0;0;0;0;19;11;0;0;0;0;0;0;0;0;0;0;0;0;7;0;0;0;0;0;0;0;0;10;0;25;0;0;0;0;0;0;0;0;0;0;0;0;0;0;2;0;1;0;0;2;0;0;0;0;0;0;0;0;0;0;0;2;0;0;0;0;0;0;0;0;0;0;0;0;0;0;0;0;0;0;0;0;0;1;0;0;1;1;1;0;0;0;9;0;0;0;0;0;0;0;0;0;0;0;0;0;0;0;0;0;0;0;0;0;0;0;0;0;0;0;0;0;0;0;0;0;0;0;0;0;0;0;0;0
27;BST_Fauche_Juin;14;36;29,1;26;11;10;3;BST;Fauche;BST_Fauche;Fauche;Fleuri;mixte;50,669741;4,618801;4096,484311;11677,3224;32702,59211;922,0572379;392;587,1217041;1;Biereau;D;Fauche;Fleuri;Nulle;1_Juin;23-06-22;12:00:00;12:40:00;24;soleil;0;27;0;0;0;0;0;0;0;0;14;0;0;0;0;0;0;0;19;0;0;0;0;0;0;0;0;0;0;0;0;0;15;0;40;0;0;0;0;0;0;15;0;309;0;0;0;0;0;0;0;0;0;0;0;0;0;0;1;3;0;0;0;1;0;0;0;0;0;0;0;0;0;0;0;0;0;0;0;0;0;1;0;0;0;0;0;0;0;0;0;0;0;0;0;0;0;0;0;0;0;0;0;0;0;0;1;0;0;0;0;0;0;0;0;1;0;0;0;0;0;0;1;0;0;0;0;0;0;0;0;0;0;0;0;0;0;0;0;1;0;0;0;0;0;0;1;0
28;BST_Fauche_miJuillet;80;105;29,1;73;11;10;3;BST;Fauche;BST_Fauche;Fauche;Fleuri;mixte;50,669741;4,618801;4096,484311;11677,3224;32702,59211;922,0572379;392;587,1217041;1;Biereau;D;Fauche;Fleuri;Nulle;2_miJuillet;12-07-22;15:25:00;16:00:00;27;soleil;0;15;0;0;0;0;0;9;0;0;0;0;0;0;0;0;0;0;5;12;0;0;0;0;0;0;0;0;0;0;0;0;43;0;3;0;0;0;0;0;0;0;0;76;0;0;0;0;0;0;0;0;0;0;0;0;0;0;2;10;0;0;0;2;1;0;0;0;0;0;0;0;0;0;0;0;0;0;0;0;0;1;0;0;0;1;0;0;0;0;0;0;0;0;0;0;0;2;0;0;0;0;0;0;0;0;4;0;0;0;0;0;0;0;0;0;0;0;0;0;0;0;0;0;0;0;0;0;0;0;2;0;1;0;0;0;0;0;0;0;0;0;0;0;0;0;0;0
29;BST_Tonte_finJuillet;145;181;35;119;10;10;1;BST;Tonte;BST_Tonte;Tonte;Tonte;mixte;50,669937;4,619023;2505,400996;10772,11221;31175,34516;922,0572379;140;489,7449646;2;Biereau;C;Tonte_tardive;Tonte_tardive;Moyenne;3_finJuillet;24-07-22;13:45:00;14:15:00;28;soleil;0;6;0;0;0;0;0;0;0;0;0;0;0;0;0;0;0;0;1;0;0;0;0;0;0;0;0;0;0;0;0;0;0;0;0;0;0;0;0;0;0;10;0;14;0;0;0;0;0;0;0;0;0;0;0;0;0;0;0;2;0;0;0;0;0;0;0;0;0;0;0;0;0;0;0;0;0;0;0;0;0;0;0;0;0;0;0;0;0;0;0;0;0;0;0;0;0;0;0;0;0;0;0;0;0;0;0;0;0;0;0;0;0;0;0;0;0;0;0;0;0;0;0;0;0;0;0;0;0;0;0;0;0;0;0;0;0;0;0;2;0;0;0;0;0;0;0;0
30;BST_Tonte_Juin;13;39;30;25;10;10;1;BST;Tonte;BST_Tonte;Tonte;Tonte;mixte;50,669937;4,619023;2505,400996;10772,11221;31175,34516;922,0572379;140;489,7449646;2;Biereau;D;Tonte_recente;Tonte_recente;Moyenne;1_Juin;23-06-22;13:20:00;13:50:00;29;soleil;0;13;0;0;0;0;0;0;0;0;0;0;0;0;0;0;0;0;0;0;0;0;0;0;0;0;0;0;0;0;0;0;0;0;0;0;0;0;0;0;0;5;0;72;0;0;0;0;0;0;0;0;0;0;0;0;0;0;0;2;0;0;0;0;0;0;0;0;0;0;0;0;0;0;0;0;0;0;0;0;0;0;0;0;0;0;0;0;0;0;0;0;0;0;0;0;0;0;0;0;0;0;0;0;0;0;0;0;0;0;0;0;0;0;0;0;0;0;0;0;0;0;0;0;0;0;0;0;0;0;0;0;0;0;0;0;0;0;0;0;0;0;0;0;0;0;0;0
31;BST_Tonte_miJuillet;79;108;30;72;10;10;1;BST;Tonte;BST_Tonte;Tonte;Tonte;mixte;50,669937;4,619023;2505,400996;10772,11221;31175,34516;922,0572379;140;489,7449646;2;Biereau;D;Tonte_tardive;Tonte_tardive;Moyenne;2_miJuillet;12-07-22;16:05:00;16:35:00;28;soleil;0;25;0;0;0;0;0;0;0;0;0;0;0;0;0;0;0;0;0;0;0;0;0;0;0;0;0;1;0;0;0;0;0;0;0;0;0;0;0;0;0;5;0;56;0;0;0;0;0;0;0;0;0;0;0;0;0;0;0;6;0;2;0;0;0;0;0;0;0;0;0;0;0;0;0;0;0;0;0;0;0;0;0;0;0;0;0;0;0;0;0;0;0;0;0;0;0;0;0;0;0;0;0;0;0;0;0;0;0;0;0;0;0;0;0;0;0;0;0;0;0;0;0;0;0;0;0;0;0;0;0;0;0;0;0;0;0;0;0;1;0;0;0;0;0;0;0;0
32;Carnoy_Fauche_finJuillet;180;195;45,1;136;34;26;3;Carnoy;Fauche;Carnoy_Fauche;Fauche;Fleuri;mixte;50,66667;4,618779;5986,330698;11063,1922;18139,03125;4054,062713;1050;1284,775513;1;Biereau;D;Fauche;Fleuri;Nulle;3_finJuillet;25-07-22;13:05:00;13:40:00;22;nuageux;0;0;0;0;0;0;0;0;0;0;0;61;0;0;0;0;0;0;0;2;1;0;0;0;11;0;0;0;120;20;0;0;0;0;0;0;0;0;0;0;0;0;22;0;0;0;0;0;0;0;0;0;0;0;0;0;0;0;0;0;0;1;0;1;0;0;0;0;0;0;0;0;0;0;0;0;0;0;0;0;0;0;0;0;0;1;0;0;1;0;0;0;0;0;0;0;0;0;0;0;0;0;0;0;0;0;1;0;0;0;0;1;0;0;0;0;0;0;0;0;0;0;0;0;0;0;0;0;0;0;0;0;0;0;0;0;0;0;1;0;0;0;0;2;2;0;0;0
33;Carnoy_Fauche_Juin;48;63;45,1;42;34;26;3;Carnoy;Fauche;Carnoy_Fauche;Fauche;Fleuri;mixte;50,66667;4,618779;5986,330698;11063,1922;18139,03125;4054,062713;1050;1284,775513;1;Biereau;F;Fauche;Fleuri;Nulle;1_Juin;29-06-22;15:05:00;16:10:00;27;soleil;0;0;0;0;1;19;0;0;0;0;0;0;0;0;0;0;0;8;0;0;11;0;0;2;1;0;0;7;0;6;0;0;1;3;0;0;25;0;0;0;0;0;44;14;0;0;0;0;0;0;0;0;0;0;0;0;0;0;1;0;0;0;0;3;0;0;0;0;9;0;0;0;0;0;0;0;0;0;0;0;0;2;0;0;0;0;0;0;0;0;0;0;0;0;0;0;0;0;0;0;1;1;0;0;0;0;0;0;0;1;0;0;0;0;0;0;0;0;0;0;0;0;0;0;0;0;0;1;0;0;0;0;0;0;0;0;0;0;0;0;0;0;0;0;0;0;0;0
34;Carnoy_Fauche_miJuillet;114;122;42,1;89;34;26;3;Carnoy;Fauche;Carnoy_Fauche;Fauche;Fleuri;mixte;50,66667;4,618779;5986,330698;11063,1922;18139,03125;4054,062713;1050;1284,775513;1;Biereau;F;Fauche;Fleuri;Nulle;2_miJuillet;14-07-22;13:10:00;13:55:00;23;soleil;0;0;0;0;0;0;0;0;0;0;0;4;0;0;0;0;0;3;1;3;1;0;0;0;0;0;0;9;183;35;0;0;0;0;0;0;1;0;0;0;0;0;15;0;0;0;0;0;0;0;0;0;0;0;0;0;0;0;0;5;1;0;1;2;0;0;1;0;1;0;0;0;0;1;0;0;0;0;0;0;0;0;0;0;0;1;0;1;1;0;0;0;0;0;1;0;0;0;0;0;3;0;0;0;0;0;0;0;0;1;0;0;0;0;0;0;0;0;0;0;0;0;0;0;0;0;0;0;0;0;0;0;0;0;0;0;0;0;0;1;0;0;0;0;1;0;0;0
35;Carnoy_Tonte_finJuillet;179;198;46;135;33;26;1;Carnoy;Tonte;Carnoy_Tonte;Tonte;Tonte;mixte;50,666953;4,619166;5255,025941;13087,03595;21702,63098;2780,341167;536;961,1496582;2;Biereau;D;Tonte_tardive;Tonte_tardive;Moyenne;3_finJuillet;25-07-22;13:45:00;14:15:00;22;nuageux;0;30;0;0;0;0;0;0;0;0;0;0;0;0;0;0;0;0;3;0;0;0;0;0;0;0;0;0;0;0;0;0;5;0;0;0;0;0;0;0;0;0;0;90;0;0;0;0;0;0;0;0;0;0;0;0;0;0;0;1;0;1;0;0;0;0;1;0;0;0;0;0;1;0;0;0;0;0;0;0;0;0;0;0;0;0;0;0;0;0;0;0;0;0;0;0;0;0;0;0;0;0;0;0;0;0;0;0;0;0;0;0;0;0;0;0;0;0;0;0;0;0;0;0;0;0;0;0;0;0;0;0;0;0;0;0;0;0;0;0;0;0;0;0;0;0;0;0
36;Carnoy_Tonte_Juin;47;66;46;41;33;26;1;Carnoy;Tonte;Carnoy_Tonte;Tonte;Tonte;mixte;50,666953;4,619166;5255,025941;13087,03595;21702,63098;2780,341167;536;961,1496582;2;Biereau;F;Tonte_tardive;Tonte_tardive;Moyenne;1_Juin;29-06-22;16:15:00;16:45:00;26;soleil;0;27;0;0;0;0;0;0;0;0;0;0;0;0;0;0;0;0;0;0;0;0;0;0;0;0;0;0;0;0;0;0;1;0;1;0;0;0;0;0;0;8;0;95;0;0;0;0;0;0;0;0;0;0;0;0;0;0;2;5;0;0;0;0;0;0;0;0;0;0;0;0;0;0;0;0;0;0;0;0;0;0;0;0;0;0;0;0;0;0;0;0;0;0;0;0;0;0;0;0;0;0;0;0;0;0;0;0;0;0;0;0;0;0;0;0;0;0;0;0;0;0;0;0;0;0;0;0;0;0;0;0;0;0;0;0;0;0;0;0;0;0;0;0;1;0;0;0
37;Carnoy_Tonte_miJuillet;113;121;41;88;33;26;1;Carnoy;Tonte;Carnoy_Tonte;Tonte;Tonte;mixte;50,666953;4,619166;5255,025941;13087,03595;21702,63098;2780,341167;536;961,1496582;2;Biereau;F;Tonte_recente;Tonte_recente;Moyenne;2_miJuillet;14-07-22;12:25:00;12:55:00;22;soleil;0;2;0;0;0;0;0;0;0;0;1;0;0;0;0;0;0;0;0;0;0;0;0;0;0;0;0;0;0;0;0;0;0;0;0;0;0;0;0;0;0;0;0;15;0;0;0;0;0;0;0;0;0;0;0;0;0;0;0;0;0;0;0;0;0;0;0;0;0;0;0;0;0;0;0;0;0;0;0;0;0;0;0;0;0;0;0;0;0;0;0;0;0;0;0;0;0;0;0;0;0;0;0;0;0;0;0;0;0;0;0;0;0;0;0;0;0;0;0;0;0;0;0;0;0;0;0;0;0;0;0;0;0;0;0;0;0;0;0;1;0;0;0;0;0;0;0;0
38;CAV_Fauche_finJuillet;141;152;14,1;108;7;7;2;CAV;Fauche;CAV_Fauche;Seme;Seme;isole_fauche;50,670645;4,610333;4234,293653;21200,47001;7649,775776;1955,29834;1119;1245,016968;1;Hocaille;B;Seme;Seme;Moyenne;3_finJuillet;23-07-22;10:20:00;10:55:00;19;soleil;8;0;3;0;13;0;0;0;0;0;0;7;0;0;0;0;0;0;2;1;25;0;0;0;1;0;0;0;0;0;0;0;11;0;0;0;0;0;0;0;0;0;7;0;0;0;0;0;0;0;0;0;0;0;0;0;0;0;1;1;0;3;0;6;0;0;0;0;0;0;0;0;0;0;1;0;0;0;0;0;0;0;0;0;0;0;0;0;3;0;0;0;0;0;0;0;1;0;0;0;0;0;0;0;0;0;0;0;0;2;0;0;0;0;0;0;0;0;0;0;0;0;0;0;0;0;0;0;0;0;0;0;0;0;0;0;0;0;0;0;0;0;0;1;1;0;0;0
39;CAV_Fauche_Juin;9;17;11,1;14;7;7;2;CAV;Fauche;CAV_Fauche;Seme;Seme;isole_fauche;50,670645;4,610333;4234,293653;21200,47001;7649,775776;1955,29834;1119;1245,016968;1;Hocaille;B;Seme;Seme;Moyenne;1_Juin;21-06-22;14:30:00;15:15:00;18;nuageux;5;0;0;0;22;0;0;0;0;0;0;0;0;0;0;0;0;0;4;0;78;0;0;0;44;0;0;71;0;0;0;0;1;0;0;0;0;0;0;0;0;0;28;0;0;0;0;0;0;0;0;0;0;0;0;0;0;0;0;4;0;1;0;1;2;0;2;0;1;0;0;0;0;0;0;0;0;0;0;0;0;0;0;0;0;0;0;0;0;0;0;0;0;0;0;0;0;0;0;0;0;0;0;0;0;0;5;0;0;0;0;0;0;0;0;0;0;0;0;0;0;0;0;0;0;0;0;0;0;0;0;0;0;0;0;0;0;0;0;2;0;0;0;0;0;0;3;0
40;CAV_Fauche_miJuillet;75;80;10,1;61;7;7;2;CAV;Fauche;CAV_Fauche;Seme;Seme;isole_fauche;50,670645;4,610333;4234,293653;21200,47001;7649,775776;1955,29834;1119;1245,016968;1;Hocaille;B;Seme;Seme;Moyenne;2_miJuillet;10-07-22;12:45:00;13:30:00;19;nuageux;8;0;17;0;18;0;4;0;0;0;0;0;0;0;0;0;0;0;1;1;9;0;0;0;29;1;0;0;0;0;0;1;9;0;0;0;0;0;0;0;0;0;12;1;0;0;0;0;0;0;0;0;0;0;0;0;0;0;0;6;0;2;0;14;0;0;0;0;1;0;0;0;0;0;0;0;0;0;0;0;0;0;0;0;0;0;0;3;6;0;0;0;0;0;0;0;0;0;0;0;0;0;0;0;0;0;1;0;0;0;0;2;0;0;0;0;0;0;0;0;0;0;0;0;0;0;0;1;0;0;0;0;0;0;0;0;0;0;2;0;0;0;0;0;0;0;0;0
41;CEI_Fauche_finJuillet;170;134;2,2;97;28;23;3;CEI;Fauche;CEI_Fauche;Fauche;Graminees;mixte;50,667217;4,624937;11318,2389;2191,585583;12727,27373;4971,070285;1116;2003,062866;1;Parc sc;A;Fauche;Graminees;Nulle;3_finJuillet;22-07-22;10:20:00;10:50:00;18;nuageux;0;0;0;0;0;0;0;0;0;0;0;4;0;0;0;0;0;0;7;9;0;0;0;0;0;0;0;0;0;0;0;1;0;0;0;0;0;0;0;0;0;0;0;0;0;0;0;0;0;0;0;0;0;0;0;0;0;0;0;0;0;0;0;0;0;0;0;0;0;0;0;0;0;0;0;0;0;0;0;0;0;0;0;0;0;0;0;0;0;0;0;0;0;0;0;0;0;0;0;0;0;0;0;0;0;0;0;0;0;0;0;0;0;0;0;0;0;0;0;0;0;0;0;0;0;0;0;0;0;0;0;0;1;0;0;0;0;0;1;1;0;0;0;0;0;0;1;0
42;CEI_Fauche_Juin;38;8;6,1;3;28;23;3;CEI;Fauche;CEI_Fauche;Fauche;Graminees;mixte;50,667217;4,624937;11318,2389;2191,585583;12727,27373;4971,070285;1116;2003,062866;1;Parc sc;A;Fauche;Graminees;Nulle;1_Juin;20-06-22;17:00:00;17:40:00;23;soleil;0;7;0;0;0;0;0;0;0;0;0;0;0;0;0;0;0;0;8;0;0;0;0;8;0;0;0;0;0;0;0;0;0;0;0;0;0;0;0;0;0;17;0;0;0;0;0;12;0;0;0;0;0;0;0;0;0;0;0;0;0;0;0;0;0;0;0;0;0;0;0;0;0;0;0;0;0;0;0;0;0;0;0;0;0;0;0;0;0;0;0;0;0;0;0;0;0;0;0;0;0;0;0;0;0;0;0;0;0;0;0;0;0;0;0;0;0;0;0;0;0;0;0;0;0;0;0;1;0;0;0;1;0;0;0;0;0;0;0;0;0;0;0;0;0;0;1;0
43;CEI_Fauche_miJuillet;104;68;2,1;50;28;23;3;CEI;Fauche;CEI_Fauche;Fauche;Graminees;mixte;50,667217;4,624937;11318,2389;2191,585583;12727,27373;4971,070285;1116;2003,062866;1;Parc sc;A;Fauche;Graminees;Nulle;2_miJuillet;08-07-22;11:00:00;12:05:00;20;soleil;0;10;0;0;0;0;0;0;0;0;0;0;0;0;1;0;0;0;18;2;0;0;0;0;0;0;0;0;0;0;0;0;2;0;0;0;0;0;0;0;0;0;0;0;0;0;0;0;0;0;0;0;0;1;0;0;0;0;4;0;0;0;0;0;0;0;0;0;0;0;0;0;0;0;0;0;0;0;0;0;0;0;0;0;0;0;0;0;0;0;0;0;0;0;0;0;0;0;0;0;0;0;0;0;0;0;1;0;0;0;0;0;0;0;0;0;0;0;0;0;0;0;0;0;0;0;0;3;0;0;1;0;2;0;0;0;0;0;0;2;0;0;0;0;1;0;1;0
44;CEI_Tonte_finJuillet;169;133;1;96;27;23;1;CEI;Tonte;CEI_Tonte;Tonte;Tonte;mixte;50,667;4,624626;13648,43399;1902,03301;16088,12721;4078,418525;1142;1755,463623;2;Parc sc;A;Tonte_tardive;Tonte_tardive;Nulle;3_finJuillet;22-07-22;10:10:00;10:40:00;18;nuageux;0;0;0;0;0;0;0;0;0;0;0;0;0;0;0;0;0;0;2;0;0;0;0;0;0;0;0;0;0;0;0;0;5;0;0;0;0;0;0;0;0;0;0;58;0;0;0;0;0;0;0;0;0;0;0;0;0;0;0;0;0;0;0;0;0;0;0;0;0;0;0;0;0;0;0;0;0;0;0;0;0;0;0;0;0;0;0;0;0;0;0;0;0;0;0;0;0;0;0;0;0;0;0;0;0;0;0;0;0;0;0;0;0;0;0;0;0;0;0;0;0;0;0;0;0;0;0;0;0;0;0;0;0;0;0;0;0;0;0;0;0;0;0;0;0;0;1;0
45;CEI_Tonte_Juin;37;7;5;2;27;23;1;CEI;Tonte;CEI_Tonte;Tonte;Tonte;mixte;50,667;4,624626;13648,43399;1902,03301;16088,12721;4078,418525;1142;1755,463623;2;Parc sc;A;Tonte_tardive;Tonte_tardive;Nulle;1_Juin;20-06-22;16:15:00;16:45:00;23;soleil;0;0;0;0;0;0;0;0;0;0;0;0;0;0;0;0;0;0;0;0;0;0;0;0;0;0;0;0;0;0;0;0;0;0;3;0;0;0;0;0;0;0;0;216;0;0;0;0;0;0;0;0;0;0;0;0;0;0;0;10;0;1;0;1;0;0;1;0;0;0;0;0;0;0;0;0;0;0;0;0;0;0;0;0;0;0;0;0;0;0;0;0;0;0;0;0;0;0;0;0;0;0;0;0;0;0;0;0;0;0;0;0;0;0;0;0;0;0;0;0;0;0;0;0;0;0;0;0;0;0;0;0;0;0;0;0;0;1;0;0;0;0;0;0;0;0;3;0
46;CEI_Tonte_miJuillet;103;71;3;49;27;23;1;CEI;Tonte;CEI_Tonte;Tonte;Tonte;mixte;50,667;4,624626;13648,43399;1902,03301;16088,12721;4078,418525;1142;1755,463623;2;Parc sc;A;Tonte_recente;Tonte_recente;Nulle;2_miJuillet;08-07-22;12:10:00;12:40:00;21;soleil;0;2;0;0;0;0;0;0;0;0;0;0;0;0;0;0;0;0;0;0;0;0;0;0;0;0;0;0;0;0;0;0;0;0;0;0;0;0;0;0;0;0;0;5;0;0;0;0;0;0;0;0;0;0;0;0;0;0;0;1;0;1;0;0;0;0;0;0;0;0;0;0;0;0;0;0;0;0;0;0;0;0;0;0;0;0;0;0;0;0;0;0;0;0;0;0;0;0;0;0;0;0;0;0;0;0;1;0;0;0;0;0;0;0;0;0;0;0;0;0;0;0;0;0;0;0;0;0;0;0;0;0;1;0;0;0;0;0;0;0;0;0;0;0;0;0;0;0
47;Creche_Fauche_finJuillet;153;170;30,1;125;16;14;3;Creche;Fauche;Creche_Fauche;Fauche;Fleuri;isole_fauche;50,669873;4,621243;6603,832161;10742,07112;10662,59059;2496,893609;1748;1589,909302;1;Biereau;C;Fauche;Fleuri;Nulle;3_finJuillet;24-07-22;10:15:00;10:50:00;23;soleil;34;0;0;0;0;0;0;0;0;0;0;17;0;0;0;0;0;0;14;2;0;0;0;0;0;0;0;0;0;0;0;0;0;0;0;0;0;0;0;0;0;0;0;3;0;0;0;0;0;0;0;0;0;0;0;0;0;0;0;0;0;0;0;0;0;0;0;0;0;0;0;0;0;0;0;0;0;0;0;0;0;0;0;0;0;0;0;0;0;0;0;0;1;0;0;0;0;2;0;0;0;0;0;0;0;0;5;0;0;0;0;0;0;0;0;0;0;0;0;0;0;0;0;0;0;0;0;0;0;0;0;0;0;0;0;0;0;0;2;0;0;0;0;3;1;0;1;0
48;Creche_Fauche_Juin;21;40;31,1;31;16;14;3;Creche;Fauche;Creche_Fauche;Fauche;Fleuri;isole_fauche;50,669873;4,621243;6603,832161;10742,07112;10662,59059;2496,893609;1748;1589,909302;1;Biereau;D;Fauche;Fleuri;Nulle;1_Juin;23-06-22;14:05:00;14:50:00;29;soleil;8;0;0;0;7;0;0;0;0;0;0;0;0;0;0;0;0;0;0;0;0;0;0;25;0;0;0;0;0;0;0;0;7;0;4;21;0;0;0;0;0;0;0;52;0;0;0;0;0;0;0;1;0;0;0;0;0;1;2;3;0;0;0;0;0;0;0;0;0;0;0;0;0;1;0;0;0;0;0;0;0;0;1;0;0;0;0;0;0;0;0;0;0;0;0;0;0;5;0;0;1;0;0;1;0;0;4;0;0;0;0;1;0;0;0;0;0;0;0;0;0;0;0;0;0;0;0;0;0;0;0;0;0;0;0;0;0;0;1;1;0;0;0;0;0;0;0;0
49;Creche_Fauche_miJuillet;87;101;27,1;78;16;14;3;Creche;Fauche;Creche_Fauche;Fauche;Fleuri;isole_fauche;50,669873;4,621243;6603,832161;10742,07112;10662,59059;2496,893609;1748;1589,909302;1;Biereau;D;Fauche;Fleuri;Nulle;2_miJuillet;12-07-22;12:20:00;12:50:00;24;soleil;23;0;0;0;0;0;0;0;0;0;0;3;0;0;0;0;0;0;4;1;0;0;0;0;0;0;0;0;0;0;0;0;1;0;0;0;0;0;0;0;0;0;0;20;0;0;0;0;0;0;0;3;0;0;0;0;0;0;0;0;0;0;0;1;0;0;0;0;0;0;0;0;0;0;0;0;0;0;0;0;0;0;0;0;0;0;0;1;0;1;0;0;0;0;0;0;0;0;0;0;5;0;0;0;0;0;0;0;0;0;0;0;0;0;0;0;0;0;0;0;0;0;0;0;0;0;0;0;0;0;0;0;3;0;0;0;0;0;0;0;0;0;0;0;1;0;0;0
50;Curie_Tonte_finJuillet;168;190;42;134;26;22;1;Curie;Tonte;Curie_Tonte;Tonte;Tonte;isole_tonte;50,667323;4,620178;4065,174977;19161,81435;31467,64669;90,20024156;217;273,2912598;2;Biereau;D;Tonte_tardive;Tonte_tardive;Moyenne;3_finJuillet;25-07-22;11:00:00;11:30:00;23;alternances;0;3;0;0;0;0;1;0;0;0;5;0;0;0;0;0;0;0;0;0;0;0;0;0;0;0;0;0;0;0;0;2;0;0;0;0;0;0;0;0;0;0;0;23;0;3;0;0;0;0;0;0;0;0;0;0;0;0;0;2;0;0;0;1;0;0;0;0;0;0;0;0;0;0;0;0;0;0;0;0;0;0;0;0;0;0;0;0;0;0;0;0;0;0;0;0;0;0;0;0;0;0;0;0;0;0;0;0;0;0;0;0;0;0;0;0;0;0;0;0;0;0;0;0;0;0;0;0;0;0;0;0;0;0;0;0;0;0;0;1;0;0;0;0;0;0;0;0
51;Curie_Tonte_Juin;36;54;40;40;26;22;1;Curie;Tonte;Curie_Tonte;Tonte;Tonte;isole_tonte;50,667323;4,620178;4065,174977;19161,81435;31467,64669;90,20024156;217;273,2912598;2;Biereau;E;Tonte_tardive;Tonte_tardive;Moyenne;1_Juin;28-06-22;16:20:00;16:50:00;25;soleil;0;12;0;0;0;0;0;0;0;0;0;0;0;0;1;0;0;0;0;0;0;0;0;0;0;0;0;9;0;0;0;2;1;0;0;0;0;0;0;0;0;0;0;85;0;0;0;0;0;0;0;0;0;0;0;0;0;0;0;11;0;1;0;0;0;0;0;0;0;0;0;0;0;0;0;0;0;0;0;0;0;1;0;0;0;0;0;0;0;0;1;0;0;0;0;0;0;0;0;0;0;0;0;0;0;0;0;0;0;0;0;0;0;0;0;0;0;0;0;0;0;0;0;0;0;0;0;0;0;0;0;0;0;0;0;0;0;0;0;0;0;0;0;0;0;0;0;0
52;Curie_Tonte_miJuillet;102;112;34;87;26;22;1;Curie;Tonte;Curie_Tonte;Tonte;Tonte;isole_tonte;50,667323;4,620178;4065,174977;19161,81435;31467,64669;90,20024156;217;273,2912598;2;Biereau;E;Tonte_recente;Tonte_recente;Moyenne;2_miJuillet;13-07-22;10:50:00;11:20:00;26;soleil;0;0;0;0;0;0;0;0;0;0;0;0;0;0;0;0;0;0;0;0;0;0;0;0;0;0;0;0;0;0;0;0;0;0;0;0;0;0;0;0;0;0;0;1;0;0;0;0;0;0;0;0;0;0;0;0;0;0;0;0;0;0;0;0;0;0;0;0;0;0;0;0;0;0;0;0;0;0;0;0;0;0;0;0;0;0;0;0;0;0;0;0;0;0;0;0;0;0;0;0;0;0;0;0;0;0;0;0;0;0;0;0;0;0;0;0;0;0;0;0;0;0;0;0;0;0;0;0;0;0;0;0;0;0;0;0;0;0;0;0;0;0;0;0;0;0;1;0
53;Cyclotron_Fauche_finJuillet;174;137;3;99;30;24;1;Cyclotron;Fauche;Cyclotron_Fauche;Seme;Seme;mixte;50,608823;4,624223;12272,84077;12639,60363;26102,88847;2749,948523;1320;995,0355225;1;Parc sc;A;Seme;Seme;Nulle;3_finJuillet;22-07-22;11:00:00;11:30:00;18;nuageux;0;0;0;0;0;0;0;0;0;0;0;0;0;0;0;0;0;0;5;0;0;0;0;5;0;0;0;0;0;0;0;0;0;0;1;0;0;0;0;0;0;0;0;0;0;0;0;0;0;0;0;0;0;0;0;0;0;0;0;0;0;0;0;0;0;0;0;0;0;0;0;0;0;0;0;1;0;0;0;0;0;1;0;0;0;0;0;0;0;0;0;0;0;0;0;0;0;0;0;0;0;0;0;0;0;0;0;0;0;0;0;0;0;0;0;0;0;0;0;0;0;0;0;0;0;0;0;0;0;0;1;0;0;0;0;0;0;0;0;0;0;0;0;0;1;0;0;0
54;Cyclotron_Fauche_Juin;42;6;4;5;30;24;1;Cyclotron;Fauche;Cyclotron_Fauche;Seme;Seme;mixte;50,608823;4,624223;12272,84077;12639,60363;26102,88847;2749,948523;1320;995,0355225;1;Parc sc;A;Seme;Seme;Nulle;1_Juin;20-06-22;15:20:00;15:50:00;23;soleil;0;0;0;0;5;0;0;0;0;0;4;0;1;0;0;0;0;0;0;0;0;0;0;45;0;3;0;0;0;0;0;0;0;0;0;0;0;0;0;0;0;0;0;0;0;0;0;0;0;0;0;0;0;0;0;0;0;0;0;1;0;1;0;0;0;0;0;0;5;0;0;0;0;0;0;3;0;0;0;0;0;0;0;0;0;1;0;0;1;0;1;0;0;0;0;0;0;0;0;0;1;0;0;0;0;0;3;0;0;0;0;0;0;0;0;0;0;0;0;0;0;0;0;0;0;0;0;0;0;0;1;0;0;0;0;0;0;0;0;2;0;0;0;1;0;0;3;0
55;Cyclotron_Fauche_miJuillet;108;77;7;52;30;24;1;Cyclotron;Fauche;Cyclotron_Fauche;Seme;Seme;mixte;50,608823;4,624223;12272,84077;12639,60363;26102,88847;2749,948523;1320;995,0355225;1;Parc sc;A;Seme;Seme;Nulle;2_miJuillet;08-07-22;16:05:00;16:35:00;24;soleil;0;0;0;0;5;0;0;0;0;0;0;0;0;0;0;0;0;0;0;0;0;0;0;10;0;2;0;0;0;0;0;0;0;0;0;0;0;0;0;0;0;0;0;0;0;0;0;0;0;0;0;0;0;0;0;0;0;0;1;0;0;0;0;0;0;0;0;0;0;0;0;0;0;0;0;1;0;0;0;0;0;0;0;0;0;0;0;0;0;0;0;0;0;0;4;0;0;0;0;0;0;0;10;0;0;1;16;0;0;0;0;0;0;0;0;0;0;0;0;0;1;0;0;0;0;0;0;0;0;0;0;0;0;0;0;0;0;0;0;0;0;0;0;0;0;0;0;0
56;Cyclotron_Tonte_finJuillet;173;142;6;98;29;24;1;Cyclotron;Tonte;Cyclotron_Tonte;Tonte;Tonte;mixte;50,664449;4,622821;13036,65844;6143,874486;26573,14773;0,239726497;4280;1027,552124;2;Parc sc;A;Tonte_recente;Tonte_recente;Moyenne;3_finJuillet;22-07-22;13:15:00;13:45:00;21;alternances;0;0;0;0;0;0;0;0;0;0;0;0;0;0;0;0;0;0;0;0;0;0;0;0;0;0;0;0;0;0;0;1;0;0;0;0;0;0;0;0;0;0;0;30;0;0;0;0;0;0;0;0;0;0;0;0;0;0;0;2;0;1;0;0;0;0;0;0;0;0;0;0;0;0;0;0;0;0;0;0;0;0;0;0;0;0;0;0;0;0;0;0;0;0;0;0;0;0;0;0;0;0;0;0;0;0;0;0;0;0;0;0;0;0;0;0;0;0;0;0;0;0;0;0;0;0;0;0;0;0;0;0;0;0;0;0;0;0;0;0;0;0;0;0;0;0;0;0
57;Cyclotron_Tonte_Juin;41;1;1;4;29;24;1;Cyclotron;Tonte;Cyclotron_Tonte;Tonte;Tonte;mixte;50,664449;4,622821;13036,65844;6143,874486;26573,14773;0,239726497;4280;1027,552124;2;Parc sc;A;Tonte_recente;Tonte_recente;Moyenne;1_Juin;20-06-22;11:00:00;11:30:00;22;alternances;0;18;0;0;0;0;0;0;0;0;0;0;0;0;0;0;0;0;0;0;0;0;0;0;0;0;0;0;0;0;0;0;1;0;0;0;0;0;0;0;0;0;0;35;0;0;0;0;0;0;0;0;0;0;0;0;0;0;0;0;0;0;0;1;0;0;0;0;0;0;0;0;0;0;0;0;0;0;0;0;0;0;0;0;0;0;0;0;0;0;0;0;0;0;0;0;0;0;0;0;0;0;0;0;0;0;0;0;0;0;0;0;0;0;0;0;0;0;0;0;0;0;0;0;0;0;0;0;0;0;0;0;0;0;0;0;0;0;0;0;0;0;0;0;0;1;4;0
58;Cyclotron_Tonte_miJuillet;107;76;6;51;29;24;1;Cyclotron;Tonte;Cyclotron_Tonte;Tonte;Tonte;mixte;50,664449;4,622821;13036,65844;6143,874486;26573,14773;0,239726497;4280;1027,552124;2;Parc sc;A;Tonte_tardive;Tonte_tardive;Moyenne;2_miJuillet;08-07-22;15:25:00;15:55:00;23;soleil;0;7;0;0;0;0;1;0;0;0;0;0;0;0;0;0;0;0;5;0;0;0;0;0;0;0;0;0;0;0;0;0;0;0;0;0;0;0;0;0;0;0;0;89;0;0;0;0;0;0;0;0;0;0;0;0;0;0;0;3;0;1;0;0;0;0;0;0;0;0;0;0;0;0;0;0;0;0;0;0;0;0;0;0;0;0;0;0;0;0;0;0;0;0;0;0;0;0;0;0;0;0;0;0;0;0;1;0;0;0;0;0;0;0;0;0;0;0;0;0;0;0;0;0;0;0;0;0;0;0;1;0;0;0;0;0;0;0;0;1;0;0;0;0;0;0;0;0
59;Esplanade_Fauche_Juin;12;31;24;16;9;9;1;Esplanade;Fauche;Esplanade_Fauche;Fauche;Fleuri;isole_fauche;50,671983;4,61662;1288,032252;20669,57333;3208,281082;0;320;90,1287384;1;Lauzelle;C;Fauche;Fleuri;Nulle;1_Juin;22-06-22;16:00:00;16:30:00;25;soleil;0;0;0;0;0;0;0;0;0;0;0;6;0;0;0;0;0;0;0;4;0;0;0;0;0;0;0;0;0;0;0;2;0;0;0;0;0;0;0;0;0;0;18;0;0;0;0;0;0;0;0;0;0;0;0;0;0;0;0;0;0;0;0;2;0;0;0;0;0;0;0;0;0;0;0;0;0;0;0;0;0;0;0;0;0;0;0;0;0;0;1;0;0;0;0;0;0;1;0;0;16;0;0;0;0;0;1;0;0;0;0;0;0;0;0;0;0;0;0;1;0;0;0;0;0;0;0;0;0;0;0;0;0;0;0;0;0;0;0;1;5;0;0;0;0;0;0;0
60;Esplanade_Fauche_miJuillet;78;89;16;63;9;9;1;Esplanade;Fauche;Esplanade_Fauche;Fauche;Fleuri;isole_fauche;50,671983;4,61662;1288,032252;20669,57333;3208,281082;0;320;90,1287384;1;Lauzelle;C;Fauche;Fleuri;Nulle;2_miJuillet;11-07-22;11:20:00;11:50:00;20;alternances;7;0;0;0;0;0;0;0;0;0;0;13;0;0;0;0;0;0;0;3;0;0;0;0;0;0;0;0;0;0;0;0;0;0;0;0;0;0;0;0;0;0;13;0;0;0;0;0;0;0;0;0;0;0;0;1;0;0;2;2;0;0;0;1;0;0;1;0;0;0;0;0;0;0;0;0;0;0;0;1;0;0;0;0;0;4;0;2;0;0;0;0;0;0;0;0;0;0;0;0;21;0;0;0;0;0;1;0;0;0;0;0;0;0;0;0;0;1;0;0;0;0;0;0;0;0;0;0;0;0;0;0;0;0;0;0;0;0;0;0;0;0;0;3;1;0;0;0
61;Gare_bus_Tonte_finJuillet;191;154;15;111;39;30;1;Gare_bus;Tonte;Gare_bus_Tonte;Tonte;Tonte;isole_tonte;50,667854;4,612792;12594,60338;10041,5745;36740,09699;0;1859;1154,62207;2;Centre;B;Tonte_recente;Tonte_recente;Forte;3_finJuillet;23-07-22;11:00:00;11:30:00;20;soleil;0;0;0;0;0;0;0;0;0;0;0;0;0;0;0;0;0;0;0;0;0;0;0;0;0;0;0;0;0;0;0;0;0;0;0;0;0;0;0;0;0;0;0;0;0;0;0;0;0;0;0;0;0;0;0;0;0;0;0;0;0;0;0;0;0;0;0;0;0;0;0;0;0;0;0;0;0;0;0;0;0;0;0;0;0;0;0;0;0;0;0;0;0;0;0;0;0;0;0;0;0;0;0;0;0;0;0;0;0;0;0;0;0;0;0;0;0;0;0;0;0;0;0;0;0;0;0;0;0;0;0;0;0;0;0;0;0;0;0;0;0;0;0;0;0;0;0;0
62;Gare_bus_Tonte_Juin;59;22;15;17;39;30;1;Gare_bus;Tonte;Gare_bus_Tonte;Tonte;Tonte;isole_tonte;50,667854;4,612792;12594,60338;10041,5745;36740,09699;0;1859;1154,62207;2;Centre;C;Tonte_tardive;Tonte_tardive;Forte;1_Juin;22-06-22;09:20:00;09:50:00;18;soleil;0;20;0;0;0;0;0;0;0;0;0;0;0;0;0;0;0;0;0;0;0;0;0;0;0;0;0;0;0;0;0;0;0;0;0;0;0;0;0;0;0;0;0;27;0;0;0;0;0;0;0;0;0;0;0;0;0;0;0;0;0;0;0;0;0;0;0;0;0;0;0;0;0;0;0;0;0;0;0;0;0;0;0;0;0;0;0;0;0;0;2;0;0;0;0;0;0;0;0;0;0;0;0;0;0;0;0;0;0;0;0;0;0;0;0;0;0;0;0;0;0;0;0;0;0;0;0;0;0;0;0;0;0;0;0;0;0;0;0;0;0;0;0;0;0;0;0;0
63;Gare_bus_Tonte_miJuillet;125;97;24;64;39;30;1;Gare_bus;Tonte;Gare_bus_Tonte;Tonte;Tonte;isole_tonte;50,667854;4,612792;12594,60338;10041,5745;36740,09699;0;1859;1154,62207;2;Centre;C;Tonte_recente;Tonte_recente;Forte;2_miJuillet;11-07-22;16:40:00;17:10:00;24;soleil;0;6;0;0;0;0;0;0;0;0;0;0;0;0;0;0;0;0;0;0;0;0;0;0;0;0;0;0;0;0;0;0;0;0;0;0;0;0;0;0;0;0;0;29;0;0;0;0;0;0;0;0;0;0;0;0;0;0;0;2;0;2;0;0;0;0;0;0;0;0;0;0;0;0;0;0;0;0;0;0;0;0;0;0;0;0;0;0;0;0;0;0;0;0;0;0;0;0;0;0;0;0;0;0;0;0;0;0;0;0;0;0;0;0;0;0;0;0;0;0;0;0;0;0;0;0;0;0;0;0;0;0;0;0;0;0;0;0;0;0;0;0;0;0;0;0;0;0
64;Hemptinne_Fauche_finJuillet;176;139;5,1;101;32;25;3;Hemptinne;Fauche;Hemptinne_Fauche;Fauche;Fleuri;mixte;50,66497;4,624537;7535,815302;14984,97618;6836,944109;2622,56091;2445;1670,095215;1;Parc sc;A;Fauche;Fleuri;Nulle;3_finJuillet;22-07-22;12:30:00;13:05:00;20;alternances;0;0;0;0;0;0;0;0;5;8;0;8;0;0;0;0;0;0;0;7;0;0;0;0;0;0;0;0;0;0;9;0;0;0;0;0;0;0;0;0;0;0;0;0;0;0;0;0;0;0;0;0;0;0;0;0;0;0;1;0;1;2;0;0;0;0;0;0;0;0;0;1;1;0;0;0;1;0;0;0;0;0;0;0;0;0;0;0;2;0;0;0;0;0;0;0;0;0;0;0;1;0;0;0;1;0;2;0;0;0;0;0;0;0;0;0;0;0;0;0;0;0;0;0;0;0;0;0;0;1;0;0;4;2;0;0;0;0;1;0;1;0;0;1;0;0;0;0
65;Hemptinne_Fauche_Juin;44;3;3,1;7;32;25;3;Hemptinne;Fauche;Hemptinne_Fauche;Fauche;Fleuri;mixte;50,66497;4,624537;7535,815302;14984,97618;6836,944109;2622,56091;2445;1670,095215;1;Parc sc;A;Fauche;Fleuri;Nulle;1_Juin;20-06-22;12:30:00;13:45:00;23;soleil;0;0;0;0;38;0;0;0;0;1;0;0;0;0;0;0;0;0;13;1;0;0;0;20;0;0;0;0;0;0;0;0;6;0;0;0;0;0;0;0;0;43;0;61;0;0;0;0;0;0;0;0;0;0;0;0;0;0;0;1;0;2;0;0;0;0;2;0;0;0;0;0;0;0;0;0;0;0;0;0;0;8;0;0;0;0;0;0;0;0;0;0;0;0;0;0;0;0;0;0;0;1;0;0;0;0;4;0;0;3;0;0;0;0;0;0;0;0;0;0;0;0;0;0;0;0;0;0;0;0;3;0;0;0;0;0;0;0;1;2;0;0;0;0;0;1;10;0
66;Hemptinne_Fauche_miJuillet;110;73;5,1;54;32;25;3;Hemptinne;Fauche;Hemptinne_Fauche;Fauche;Fleuri;mixte;50,66497;4,624537;7535,815302;14984,97618;6836,944109;2622,56091;2445;1670,095215;1;Parc sc;A;Fauche;Fleuri;Nulle;2_miJuillet;08-07-22;13:40:00;14:55:00;22;soleil;0;0;0;0;100;0;0;0;3;1;0;1;0;0;0;0;0;0;0;7;0;0;0;0;0;0;0;0;0;0;0;0;4;0;0;0;0;0;0;0;0;0;0;0;0;0;0;0;0;0;0;1;0;0;0;0;0;0;4;2;1;11;0;2;0;1;0;0;4;0;0;0;0;0;0;0;0;0;0;0;0;0;0;0;0;0;1;0;0;0;0;0;0;0;6;0;0;0;0;0;1;0;0;0;0;0;1;0;0;3;0;0;0;0;0;0;0;0;0;0;0;0;0;0;0;0;0;1;0;0;0;0;2;0;0;0;0;0;0;0;0;0;0;1;1;0;0;0
67;Hemptinne_Tonte_finJuillet;175;138;4;100;31;25;1;Hemptinne;Tonte;Hemptinne_Tonte;Tonte;Tonte;mixte;50,665464;4,623662;15059,11066;19676,03658;7770,355406;2482,702605;687;784,7885742;2;Parc sc;A;Tonte_tardive;Tonte_tardive;Moyenne;3_finJuillet;22-07-22;11:40:00;12:10:00;18;nuageux;0;0;0;0;0;0;0;0;0;0;0;0;0;0;0;0;0;0;22;0;0;0;0;0;0;0;0;0;0;0;0;0;3;0;0;0;0;0;0;0;0;12;0;61;0;0;0;0;0;0;0;0;0;0;0;0;0;0;0;4;0;1;0;0;0;0;0;0;0;0;0;0;0;0;0;0;0;0;0;0;0;0;0;0;0;0;0;0;1;0;0;0;0;0;0;0;0;0;0;0;0;0;0;1;0;0;0;0;0;0;0;0;0;0;0;0;0;0;0;0;0;0;0;0;0;0;0;0;0;0;0;0;0;0;0;0;0;0;0;0;0;0;0;0;0;0;0;0
68;Hemptinne_Tonte_Juin;43;2;2;6;31;25;1;Hemptinne;Tonte;Hemptinne_Tonte;Tonte;Tonte;mixte;50,665464;4,623662;15059,11066;19676,03658;7770,355406;2482,702605;687;784,7885742;2;Parc sc;A;Tonte_recente;Tonte_recente;Moyenne;1_Juin;20-06-22;11:45:00;12:15:00;22;alternances;0;16;0;0;0;0;0;0;0;0;0;0;0;0;0;0;0;0;0;0;0;0;0;0;0;0;0;0;0;0;0;0;0;0;0;0;0;0;0;0;0;0;0;64;0;0;0;0;0;0;0;0;0;0;0;0;0;0;1;0;0;0;0;0;0;0;0;0;0;0;0;0;0;0;0;0;0;0;0;0;0;0;0;0;0;0;0;0;0;0;1;0;0;0;0;0;0;0;0;0;0;0;0;0;0;0;0;0;0;0;0;0;0;0;0;0;0;0;0;0;0;0;0;0;0;0;0;0;0;0;0;0;0;0;0;0;0;0;0;0;0;0;0;0;0;0;1;0
69;Hemptinne_Tonte_miJuillet;109;72;4;53;31;25;1;Hemptinne;Tonte;Hemptinne_Tonte;Tonte;Tonte;mixte;50,665464;4,623662;15059,11066;19676,03658;7770,355406;2482,702605;687;784,7885742;2;Parc sc;A;Tonte_tardive;Tonte_tardive;Moyenne;2_miJuillet;08-07-22;12:55:00;13:25:00;22;soleil;0;10;0;0;0;0;0;0;0;0;0;0;0;0;0;0;0;0;0;0;0;0;0;0;0;0;0;0;0;0;0;0;0;0;2;0;0;0;0;0;0;5;0;83;0;0;0;0;0;0;0;0;0;0;0;0;0;0;0;4;0;5;0;1;0;0;2;0;0;0;0;0;0;0;0;0;0;0;0;0;0;0;0;0;0;0;0;0;0;0;0;0;0;0;0;0;0;0;0;0;0;1;0;0;0;0;0;0;0;0;0;0;0;0;0;0;0;0;0;0;0;0;0;0;0;1;0;0;0;0;0;0;0;0;0;0;0;0;1;0;0;0;0;1;0;0;0;0
70;Herge_Tonte_finJuillet;138;150;12;105;4;4;1;Herge;Tonte;Herge_Tonte;Tonte;Tonte;isole_tonte;50,671529;4,61263;12572,56178;9118,606335;4948,070229;5076,537488;531;584,1918945;2;Lauzelle;A;Tonte_tardive;Tonte_tardive;Moyenne;3_finJuillet;22-07-22;16:20:00;16:50:00;22;alternances;0;6;0;0;0;0;0;0;0;0;0;0;0;0;0;0;0;0;0;0;0;0;0;0;0;0;0;0;0;0;0;0;0;0;0;0;0;0;0;0;0;0;0;59;0;0;0;0;0;0;0;0;0;0;0;0;0;0;0;3;0;0;0;0;0;0;0;0;0;0;0;0;0;0;0;0;0;0;0;0;0;0;0;0;0;0;0;0;0;0;0;0;0;0;0;0;0;0;0;0;0;0;0;0;0;0;0;0;0;0;0;0;0;0;0;0;0;0;0;0;0;0;0;0;0;0;0;0;0;0;0;0;0;0;0;0;0;0;0;0;0;0;0;0;0;0;0;0
71;Herge_Tonte_Juin;6;20;13;11;4;4;1;Herge;Tonte;Herge_Tonte;Tonte;Tonte;isole_tonte;50,671529;4,61263;12572,56178;9118,606335;4948,070229;5076,537488;531;584,1918945;2;Lauzelle;B;Tonte_recente;Tonte_recente;Moyenne;1_Juin;21-06-22;16:20:00;16:50:00;20;nuageux;0;5;0;0;0;0;0;0;0;0;0;0;0;0;0;0;0;0;0;0;0;0;0;0;0;0;0;0;0;0;0;0;0;0;0;0;0;0;0;0;0;46;0;30;0;0;0;0;0;0;0;0;0;0;0;0;0;0;0;1;0;0;0;0;0;0;0;0;0;0;0;0;0;0;0;0;0;0;0;0;0;0;0;0;0;0;0;0;0;0;0;0;0;0;0;0;0;0;0;0;0;0;0;0;0;0;0;0;0;0;0;0;0;0;0;0;0;0;0;0;0;0;0;0;0;0;0;0;0;0;0;0;0;0;0;0;0;0;0;0;0;0;0;0;0;0;0;0
72;Herge_Tonte_miJuillet;72;83;12;58;4;4;1;Herge;Tonte;Herge_Tonte;Tonte;Tonte;isole_tonte;50,671529;4,61263;12572,56178;9118,606335;4948,070229;5076,537488;531;584,1918945;2;Lauzelle;B;Tonte_tardive;Tonte_tardive;Moyenne;2_miJuillet;10-07-22;15:30:00;16:00:00;21;alternances;0;10;0;0;0;0;1;0;0;0;0;0;0;0;0;0;0;0;0;0;0;0;0;0;0;0;0;0;0;0;0;0;0;0;1;0;0;0;0;0;0;6;0;180;0;0;0;0;0;0;0;0;0;0;0;0;0;0;0;4;0;0;0;2;0;0;0;0;0;0;0;0;0;0;0;0;0;0;0;0;0;0;0;0;0;0;0;0;0;0;0;0;0;0;0;0;0;0;0;0;0;0;0;0;0;0;3;0;0;0;0;0;0;0;0;0;0;0;0;0;0;0;0;1;0;0;0;0;0;0;0;0;0;0;0;0;0;0;0;0;0;0;0;0;0;0;0;0
73;Kellner_Fauche_finJuillet;188;192;44,1;140;38;29;3;Kellner;Fauche;Kellner_Fauche;Seme;Seme;mixte;50,666018;4,619483;8602,354808;14672,78326;9209,763076;3534,904442;382;473,1366272;1;Biereau;D;Seme;Seme;Nulle;3_finJuillet;25-07-22;12:20:00;12:55:00;24;alternances;2;0;0;0;0;0;0;0;0;0;0;18;0;0;0;0;0;1;1;9;0;0;2;0;51;0;0;0;0;61;0;0;0;0;0;0;0;0;0;0;0;0;1;0;0;0;0;0;0;0;0;0;0;0;0;0;0;0;0;13;0;0;0;1;0;0;2;0;0;0;0;0;0;0;0;0;0;0;0;0;0;0;0;0;0;0;4;1;6;0;0;0;0;0;0;0;1;0;0;0;0;0;0;0;0;0;0;0;0;0;0;0;0;0;0;0;0;0;0;0;0;0;0;0;0;0;0;0;0;0;0;0;0;0;0;0;0;0;1;0;0;0;0;9;0;0;0;0
74;Kellner_Fauche_Juin;56;56;42,1;46;38;29;3;Kellner;Fauche;Kellner_Fauche;Seme;Seme;mixte;50,666018;4,619483;8602,354808;14672,78326;9209,763076;3534,904442;382;473,1366272;1;Biereau;F;Seme;Seme;Nulle;1_Juin;29-06-22;11:35:00;12:25:00;22;soleil;3;0;9;0;15;0;0;0;0;0;0;0;0;0;0;0;0;21;0;5;0;0;0;0;1;2;0;1;0;40;0;0;4;0;0;9;0;0;0;0;0;0;0;0;0;0;0;0;0;0;0;0;0;0;0;0;0;1;0;7;0;0;0;0;0;0;0;0;1;0;0;0;0;0;0;0;0;0;0;0;0;5;0;0;0;0;0;0;0;0;0;0;0;0;1;2;0;0;0;0;0;0;0;0;0;0;1;0;0;0;0;1;0;0;0;0;0;0;0;0;1;0;0;0;0;0;0;1;0;0;0;0;0;0;0;0;0;0;1;1;0;0;0;0;0;0;3;0
75;Kellner_Fauche_miJuillet;122;129;45,1;93;38;29;3;Kellner;Fauche;Kellner_Fauche;Seme;Seme;mixte;50,666018;4,619483;8602,354808;14672,78326;9209,763076;3534,904442;382;473,1366272;1;Biereau;F;Seme;Seme;Nulle;2_miJuillet;14-07-22;15:20:00;16:05:00;24;alternances;17;0;0;0;0;0;0;0;0;0;0;10;0;0;0;0;0;9;3;7;0;0;0;0;58;1;0;0;0;126;0;0;0;0;0;1;0;0;0;0;0;0;0;0;0;0;0;0;0;0;0;0;0;0;0;0;0;0;2;29;0;1;0;0;0;0;2;0;0;0;0;0;0;0;0;0;0;0;0;0;0;0;0;1;0;0;0;0;3;0;0;0;0;0;0;0;0;0;0;0;0;0;0;0;0;0;2;0;0;0;2;2;0;0;0;0;0;0;0;0;0;0;0;0;0;0;0;0;0;0;0;0;1;0;0;0;0;0;2;0;0;0;0;9;3;0;0;0
76;Kellner_Tonte_finJuillet;187;191;43;139;37;29;1;Kellner;Tonte;Kellner_Tonte;Tonte;Tonte;mixte;50,666356;4,619539;4927,496469;18191,71819;8708,509041;4086,477422;841;394,2754211;2;Biereau;D;Tonte_tardive;Tonte_tardive;Nulle;3_finJuillet;25-07-22;11:40:00;12:10:00;23;alternances;0;0;0;0;0;0;0;0;0;0;2;0;0;0;0;0;0;0;3;0;0;0;0;0;0;0;0;0;0;0;0;2;0;0;0;0;0;0;0;0;0;0;0;0;0;0;0;0;0;0;0;0;0;0;0;0;0;0;0;0;0;1;0;0;0;0;0;0;0;0;0;0;0;0;0;0;0;0;0;0;0;0;0;0;0;0;0;0;0;0;0;0;0;0;0;0;0;0;0;0;0;0;0;0;0;0;2;0;0;0;0;0;0;0;0;0;0;0;0;0;0;0;0;0;0;0;0;0;0;0;0;0;0;0;0;0;0;0;0;0;0;0;0;0;0;0;0;0
77;Kellner_Tonte_Juin;55;59;43;45;37;29;1;Kellner;Tonte;Kellner_Tonte;Tonte;Tonte;mixte;50,666356;4,619539;4927,496469;18191,71819;8708,509041;4086,477422;841;394,2754211;2;Biereau;F;Tonte_recente;Tonte_recente;Nulle;1_Juin;29-06-22;12:30:00;13:00:00;26;soleil;0;27;0;0;0;0;1;0;0;0;5;0;0;0;0;0;0;0;0;0;0;0;0;0;0;0;0;0;0;0;0;0;3;0;0;0;0;0;0;0;0;0;0;0;0;0;0;0;0;0;0;0;0;0;0;0;0;0;1;0;0;0;0;0;0;0;0;0;0;0;0;0;0;0;0;0;0;0;0;0;0;2;0;0;0;0;0;0;0;0;1;0;0;0;0;0;0;0;0;0;0;0;0;0;0;0;2;0;0;0;0;0;0;0;0;0;0;0;0;0;0;0;0;0;0;0;0;0;0;0;0;0;0;0;0;0;0;0;0;0;0;0;0;0;1;0;0;0
78;Kellner_Tonte_miJuillet;121;128;44;92;37;29;1;Kellner;Tonte;Kellner_Tonte;Tonte;Tonte;mixte;50,666356;4,619539;4927,496469;18191,71819;8708,509041;4086,477422;841;394,2754211;2;Biereau;F;Tonte_recente;Tonte_recente;Nulle;2_miJuillet;14-07-22;14:55:00;15:25:00;24;soleil;0;2;0;0;0;0;0;0;0;0;0;0;0;0;0;0;0;0;0;0;0;0;0;0;0;0;0;0;0;0;0;0;0;0;0;0;0;0;0;0;0;0;0;1;0;0;0;0;0;0;0;0;0;0;0;0;0;0;1;0;0;0;0;0;0;0;0;0;0;0;0;0;0;0;0;0;0;0;0;0;0;0;0;0;0;0;0;0;0;0;0;0;0;0;0;0;0;0;0;0;0;0;0;0;0;0;0;0;0;0;0;0;0;0;0;0;0;0;0;0;0;0;0;0;0;0;0;0;0;0;0;0;0;0;0;0;0;0;0;0;0;0;0;0;0;0;0;0
79;Lac_Fauche_finJuillet;198;158;19;118;46;35;1;Lac;Fauche;Lac_Fauche;Fauche;Graminees;mixte;50,663983;4,60489;19250,7236;6116,725236;1551,427122;2512,784866;1518;435,762146;1;Bruyeres;B;Fauche;Graminees;Nulle;3_finJuillet;23-07-22;13:25:00;13:55:00;23;soleil;0;0;0;0;0;0;0;0;0;0;0;0;0;0;0;0;2;0;0;2;0;0;0;0;6;0;0;0;0;0;0;0;0;0;0;0;0;0;0;0;0;0;0;0;0;0;0;0;0;0;0;0;0;0;0;0;0;0;0;0;0;0;0;1;0;0;0;0;0;0;0;0;0;0;0;0;0;0;2;2;0;0;0;0;0;0;0;0;0;1;0;0;0;0;0;0;0;1;0;0;0;0;0;0;0;0;1;0;0;0;0;0;0;0;0;0;0;0;0;0;0;0;0;0;0;0;0;0;0;0;0;0;1;0;0;0;0;0;0;0;0;0;0;0;3;0;0;0
80;Lac_Fauche_Juin;66;24;17;24;46;35;1;Lac;Fauche;Lac_Fauche;Fauche;Graminees;mixte;50,663983;4,60489;19250,7236;6116,725236;1551,427122;2512,784866;1518;435,762146;1;Bruyeres;C;Fauche;Graminees;Nulle;1_Juin;22-06-22;10:50:00;11:20:00;21;soleil;0;0;0;0;20;0;0;0;0;0;0;0;0;8;0;0;0;0;0;0;0;0;0;0;13;0;0;0;0;0;0;0;0;0;0;0;0;0;0;0;0;0;0;0;0;0;0;0;0;0;0;0;0;0;0;0;0;0;0;2;0;1;0;0;0;0;0;0;0;0;0;0;0;0;0;0;0;0;0;0;0;1;0;0;0;0;0;0;0;0;3;0;0;0;0;0;0;0;0;0;0;1;0;0;0;0;0;0;0;3;0;0;0;0;0;0;0;0;0;0;0;0;0;0;0;0;0;0;0;0;0;0;0;0;0;0;0;0;0;1;0;0;0;0;0;0;1;0
81;Lac_Fauche_miJuillet;132;95;22;71;46;35;1;Lac;Fauche;Lac_Fauche;Fauche;Graminees;mixte;50,663983;4,60489;19250,7236;6116,725236;1551,427122;2512,784866;1518;435,762146;1;Bruyeres;C;Fauche;Graminees;Nulle;2_miJuillet;11-07-22;15:15:00;15:45:00;24;soleil;0;0;0;0;16;0;0;0;0;0;0;0;0;0;0;0;0;0;0;0;0;0;0;0;18;0;0;0;0;0;0;0;0;0;0;0;0;0;0;0;0;0;0;0;0;0;0;0;0;0;0;0;0;0;0;0;0;0;0;3;0;3;0;1;0;0;0;0;2;0;0;0;0;0;0;0;0;0;0;0;0;0;0;0;0;0;0;0;0;0;0;0;0;0;3;0;0;0;0;0;0;0;0;0;0;0;0;0;0;2;0;0;0;0;0;0;0;0;0;0;0;0;0;0;0;0;0;0;0;0;0;0;0;0;0;0;0;0;0;0;0;0;0;0;0;0;0;0
82;Lac_Tonte_finJuillet;197;157;18;117;45;35;1;Lac;Tonte;Lac_Tonte;Tonte;Tonte;mixte;50,664089;4,604985;18176,29224;6073,989396;1551,427122;2512,784866;12255;1600,212158;2;Bruyeres;B;Tonte_tardive;Tonte_tardive;Moyenne;3_finJuillet;23-07-22;12:35:00;13:05:00;22;soleil;0;7;0;0;0;0;0;0;0;0;0;0;0;0;0;0;0;0;0;0;0;0;0;0;0;0;0;0;0;0;0;5;0;0;0;0;0;0;0;0;0;0;0;62;0;0;0;0;0;0;0;0;0;0;0;0;0;0;0;12;0;0;0;1;0;0;0;0;0;0;0;0;0;0;0;0;0;0;0;0;0;0;0;0;0;0;0;0;0;0;1;0;0;0;0;0;0;0;0;0;0;0;0;0;0;0;0;0;0;0;0;0;0;0;0;0;0;0;1;0;0;0;0;0;0;0;0;0;0;0;0;0;0;0;0;0;0;0;0;0;0;0;0;0;0;0;0;0
83;Lac_Tonte_Juin;65;25;18;23;45;35;1;Lac;Tonte;Lac_Tonte;Tonte;Tonte;mixte;50,664089;4,604985;18176,29224;6073,989396;1551,427122;2512,784866;12255;1600,212158;2;Bruyeres;C;Tonte_tardive;Tonte_tardive;Moyenne;1_Juin;22-06-22;11:35:00;12:05:00;22;soleil;0;7;0;0;0;0;0;0;0;0;0;0;0;0;0;0;0;0;4;0;0;0;0;0;0;0;0;0;0;0;0;3;0;0;0;0;0;0;0;0;0;20;10;204;0;0;0;0;0;0;0;1;0;0;0;0;0;0;0;15;0;0;0;0;0;0;0;0;0;0;0;0;0;0;0;0;0;0;0;0;0;1;0;0;0;0;0;0;0;0;1;0;0;0;0;0;0;0;0;0;0;0;0;0;0;0;0;0;0;0;0;0;0;0;0;0;0;0;0;0;0;0;0;0;0;0;0;0;0;0;1;0;0;0;0;0;0;0;4;0;0;0;0;0;0;0;3;0
84;Lac_Tonte_miJuillet;131;94;21;70;45;35;1;Lac;Tonte;Lac_Tonte;Tonte;Tonte;mixte;50,664089;4,604985;18176,29224;6073,989396;1551,427122;2512,784866;12255;1600,212158;2;Bruyeres;C;Tonte_tardive;Tonte_tardive;Moyenne;2_miJuillet;11-07-22;14:35:00;15:05:00;23;soleil;0;5;0;0;0;0;0;0;0;0;0;0;0;0;1;0;0;0;0;0;0;0;0;0;4;0;0;0;0;0;0;0;0;0;0;0;0;0;0;0;0;0;0;16;0;0;0;0;0;0;0;0;0;0;0;0;0;0;0;2;0;0;0;0;0;0;0;0;0;0;0;0;0;0;0;0;0;0;0;0;0;0;0;0;0;0;0;0;0;0;0;0;0;0;0;0;0;0;0;0;0;0;0;0;0;0;0;0;0;0;0;0;0;0;0;0;0;0;0;0;0;0;0;0;0;0;0;0;0;0;0;0;0;0;0;0;0;0;0;0;0;0;0;0;1;0;0;0
85;Lauzelle_Fauche_Juin;11;30;23;15;8;8;1;Lauzelle;Fauche;Lauzelle_Fauche;Fauche;Graminees;isole_fauche;50,673002;4,618141;6357,27907;9297,49277;3836,003799;0;3634;3257,441406;1;Lauzelle;C;Fauche;Graminees;Nulle;1_Juin;22-06-22;15:30:00;16:00:00;24;soleil;0;0;0;0;0;0;0;0;0;0;0;0;0;0;0;0;0;0;0;0;0;0;0;0;0;0;0;0;0;0;0;0;0;0;0;0;0;0;0;0;0;0;0;0;0;0;0;0;0;0;0;0;0;0;0;0;0;0;0;0;0;0;0;0;0;0;0;0;0;0;0;0;0;0;0;0;0;0;0;0;0;0;0;0;0;0;0;0;0;0;0;0;0;0;0;0;0;0;0;0;0;0;0;0;0;0;0;0;0;0;0;0;0;0;0;0;0;0;0;0;0;0;0;0;0;0;0;0;0;0;0;0;0;0;0;0;0;0;0;0;0;0;0;0;0;0;0;0
86;Lauzelle_Fauche_miJuillet;77;88;15;62;8;8;1;Lauzelle;Fauche;Lauzelle_Fauche;Fauche;Graminees;isole_fauche;50,673002;4,618141;6357,27907;9297,49277;3836,003799;0;3634;3257,441406;1;Lauzelle;C;Fauche;Graminees;Nulle;2_miJuillet;11-07-22;10:50:00;11:20:00;20;alternances;0;0;0;0;0;0;0;0;0;0;0;0;0;0;0;0;0;0;0;0;0;0;0;0;0;0;0;0;0;0;0;0;0;0;0;0;0;0;0;0;0;0;0;0;0;0;0;0;0;0;0;0;0;0;0;0;0;0;0;0;0;0;0;0;0;0;0;0;0;0;0;0;0;0;0;0;0;0;0;0;0;0;0;0;0;0;0;0;0;0;0;0;0;0;0;0;0;0;0;0;0;0;0;0;0;0;0;0;0;0;0;0;0;0;0;0;0;0;0;0;0;0;0;0;0;0;0;0;0;0;0;0;0;0;0;0;0;0;0;0;0;0;0;0;0;0;0;0
87;Lavoisier_Fauche_finJuillet;150;165;26;122;13;12;1;Lavoisier;Fauche;Lavoisier_Fauche;Fauche;Fleuri;mixte;50,66913;4,620026;10410,37763;14678,41167;18324,59217;1842,821859;51;64,30910492;1;Biereau;B;Fauche;Fleuri;Nulle;3_finJuillet;23-07-22;16:55:00;17:25:00;26;soleil;0;0;0;0;0;0;0;0;0;0;0;0;0;0;0;0;0;0;3;0;0;0;0;0;0;0;0;0;0;0;0;0;0;0;0;0;0;0;0;0;0;0;0;0;0;0;0;0;0;0;0;0;0;0;0;0;0;0;1;0;0;0;0;0;0;0;0;0;0;0;0;0;0;0;0;0;0;0;0;0;0;0;0;0;0;0;0;0;0;0;0;0;0;0;0;0;0;0;0;0;0;0;0;0;0;0;0;0;0;0;0;0;0;0;0;0;0;0;0;0;0;0;0;0;0;0;0;0;0;0;0;0;0;0;0;0;0;0;0;0;0;0;0;0;0;0;0;0
88;Lavoisier_Fauche_Juin;19;34;27;29;14;12;1;Lavoisier;Fauche;Lavoisier_Fauche;Fauche;Fleuri;mixte;50,66913;4,620026;10410,37763;14678,41167;18324,59217;1842,821859;51;64,30910492;1;Biereau;D;Fauche;Fleuri;Nulle;1_Juin;23-06-22;10:20:00;10:50:00;22;alternances;0;2;0;0;0;0;0;0;0;0;0;0;0;0;0;0;0;0;8;0;0;0;0;0;0;0;0;0;0;0;0;0;15;0;0;0;0;0;0;0;0;0;0;1;0;0;0;0;0;0;0;0;0;0;0;0;0;0;0;0;0;0;0;1;0;0;0;0;0;0;0;0;0;0;0;0;0;0;0;0;0;3;0;0;0;0;0;0;0;0;0;0;0;0;1;1;0;0;0;0;0;0;3;0;0;0;4;0;0;0;0;0;0;0;0;0;0;0;0;0;0;0;0;0;0;0;0;0;0;0;0;0;0;0;0;0;0;0;0;0;0;0;0;0;0;0;0;0
89;Lavoisier_Fauche_miJuillet;85;110;32;76;14;12;1;Lavoisier;Fauche;Lavoisier_Fauche;Fauche;Fleuri;mixte;50,66913;4,620026;10410,37763;14678,41167;18324,59217;1842,821859;51;64,30910492;1;Biereau;D;Fauche;Fleuri;Nulle;2_miJuillet;12-07-22;17:15:00;17:45:00;28;soleil;0;0;0;0;0;0;0;0;0;0;0;0;0;0;0;0;0;0;0;1;0;0;0;0;0;0;0;0;0;0;0;0;8;0;0;0;0;0;0;0;0;0;0;0;0;0;0;0;0;0;0;0;0;0;0;0;0;0;0;0;0;0;0;0;0;0;0;0;0;0;0;0;0;0;0;0;0;0;0;0;0;0;0;0;0;0;0;0;0;0;0;0;0;0;0;0;0;0;0;0;0;0;0;0;0;0;0;0;0;0;0;0;0;0;0;0;0;0;0;0;0;0;0;0;0;0;0;0;0;0;0;0;0;0;0;0;0;0;0;0;0;0;0;0;0;0;0;0
90;Lavoisier_Tonte_finJuillet;151;166;27;123;14;12;1;Lavoisier;Tonte;Lavoisier_Tonte;Tonte;Tonte;mixte;50,669101;4,620129;10751,05275;14157,65517;17812,20067;2107,73581;659;567,1312866;2;Biereau;B;Tonte_tardive;Tonte_tardive;Nulle;3_finJuillet;23-07-22;17:10:00;17:40:00;26;soleil;0;3;0;0;0;0;0;0;0;0;0;0;0;0;0;0;0;0;0;0;0;0;0;0;0;0;0;0;0;0;0;0;3;0;0;0;0;0;0;0;0;0;0;10;0;0;0;0;0;0;0;0;0;0;0;0;0;0;0;0;0;0;0;0;0;0;0;0;0;0;0;0;0;0;0;0;0;0;0;0;0;0;0;0;0;0;0;0;0;0;0;0;0;0;0;0;0;0;0;0;0;0;0;0;0;0;1;0;0;0;0;0;0;0;0;0;0;0;0;0;0;0;0;0;0;0;0;0;0;0;0;0;0;0;0;0;0;0;0;0;0;0;0;0;0;0;0;0
91;Lavoisier_Tonte_Juin;18;33;26;28;13;12;1;Lavoisier;Tonte;Lavoisier_Tonte;Tonte;Tonte;mixte;50,669101;4,620129;10751,05275;14157,65517;17812,20067;2107,73581;659;567,1312866;2;Biereau;D;Tonte_tardive;Tonte_tardive;Nulle;1_Juin;23-06-22;09:45:00;10:15:00;21;alternances;0;10;0;0;0;0;0;0;0;0;0;0;0;0;0;0;0;0;0;0;0;0;0;0;0;0;0;0;0;0;0;0;6;0;1;0;0;0;0;0;0;12;0;49;0;0;0;0;0;0;0;0;0;0;0;0;0;0;0;0;0;0;0;0;0;0;0;0;0;0;0;0;0;0;0;0;0;0;0;0;0;2;0;0;0;0;0;0;0;0;0;0;0;0;0;0;0;0;0;0;0;0;0;0;0;0;0;0;0;0;0;0;0;0;0;0;0;0;0;0;0;0;0;0;0;0;0;0;0;0;0;0;0;0;0;0;0;0;0;0;0;0;0;0;0;1;0;0
92;Lavoisier_Tonte_miJuillet;84;111;33;75;13;12;1;Lavoisier;Tonte;Lavoisier_Tonte;Tonte;Tonte;mixte;50,669101;4,620129;10751,05275;14157,65517;17812,20067;2107,73581;659;567,1312866;2;Biereau;D;Tonte_tardive;Tonte_tardive;Nulle;2_miJuillet;12-07-22;17:45:00;18:15:00;28;soleil;0;5;0;0;0;0;0;0;0;0;0;0;0;0;0;0;0;0;0;0;0;0;0;0;0;0;0;0;0;0;0;0;5;0;0;0;0;0;0;0;0;0;0;22;0;0;0;0;0;0;0;0;0;0;0;0;0;0;0;2;0;0;0;2;0;0;0;0;0;0;0;0;0;0;0;0;0;0;0;0;0;0;0;0;0;0;0;0;0;0;0;0;0;0;0;0;0;0;0;0;0;0;0;0;0;0;0;0;0;0;0;0;0;0;0;0;0;0;0;0;0;0;0;0;0;0;0;0;0;0;0;0;0;0;0;0;0;0;1;1;0;0;0;0;0;0;0;0
93;Maxwell_Tonte_finJuillet;162;184;38;131;22;18;1;Maxwell;Tonte;Maxwell_Tonte;Tonte;Tonte;mixte;50,608823;4,623991;5401,127791;12707,09936;21776,20809;3711,098226;470;982,272644;2;Biereau;C;Tonte_tardive;Tonte_tardive;Moyenne;3_finJuillet;24-07-22;15:20:00;15:50:00;29;soleil;0;11;0;0;0;0;0;0;0;0;0;0;0;0;0;0;0;0;0;0;0;0;0;0;0;0;0;0;0;0;0;0;12;0;0;0;0;0;0;0;0;0;0;32;0;0;0;0;0;0;0;0;0;0;0;0;0;0;2;12;0;0;0;0;0;0;0;0;0;0;0;0;0;0;0;0;0;0;0;0;0;0;0;0;0;0;0;0;0;0;0;0;0;0;0;0;0;0;0;0;1;0;0;0;0;0;0;0;0;0;0;0;0;0;0;0;0;0;0;0;0;0;0;0;0;0;0;0;0;0;0;0;0;0;0;0;0;0;0;0;0;0;0;0;0;0;0;0
94;Maxwell_Tonte_Juin;30;53;39;37;22;18;1;Maxwell;Tonte;Maxwell_Tonte;Tonte;Tonte;mixte;50,608823;4,623991;5401,127791;12707,09936;21776,20809;3711,098226;470;982,272644;2;Biereau;E;Tonte_tardive;Tonte_tardive;Moyenne;1_Juin;28-06-22;15:40:00;16:10:00;24;soleil;0;41;0;0;0;0;0;0;0;0;0;0;0;0;0;0;0;0;0;0;0;0;0;0;0;0;0;0;0;0;0;0;0;0;2;0;0;0;0;0;0;0;0;140;0;0;0;0;0;0;0;0;0;0;0;0;0;0;0;11;0;1;0;0;0;0;1;0;0;0;0;0;0;0;0;0;0;0;0;0;0;1;0;0;0;0;0;0;0;0;0;0;0;0;0;0;0;0;0;0;0;0;0;0;0;0;0;0;0;0;0;0;0;0;0;0;0;0;0;0;0;0;0;0;0;0;0;0;0;0;1;0;0;0;0;0;0;0;0;1;0;0;0;0;0;0;0;0
95;Maxwell_Tonte_miJuillet;96;113;35;84;22;18;1;Maxwell;Tonte;Maxwell_Tonte;Tonte;Tonte;mixte;50,608823;4,623991;5401,127791;12707,09936;21776,20809;3711,098226;470;982,272644;2;Biereau;E;Tonte_recente;Tonte_recente;Moyenne;2_miJuillet;13-07-22;11:45:00;12:15:00;26;soleil;0;0;0;0;0;0;0;0;0;0;0;0;0;0;0;0;0;0;0;0;0;0;0;0;0;0;0;0;0;0;0;0;5;0;0;0;0;0;0;0;0;0;0;6;0;0;0;0;0;0;0;0;0;0;0;0;0;0;0;1;0;0;0;0;0;0;0;0;0;0;0;0;0;0;0;0;0;0;0;0;0;0;0;0;0;0;0;0;0;0;0;0;0;0;0;0;0;0;0;0;0;0;0;0;0;0;0;0;0;0;0;0;0;0;0;0;0;0;0;0;0;0;0;0;0;0;0;0;0;0;0;0;0;0;0;0;0;0;0;0;0;0;0;0;0;0;0;0
96;Mendel_Tonte_finJuillet;186;189;41;138;36;28;1;Mendel;Tonte;Mendel_Tonte;Tonte;Tonte;isole_tonte;50,66566;4,620241;8551,801887;13279,52482;20912,72229;1232,037366;902;1365,796631;2;Biereau;D;Tonte_tardive;Tonte_tardive;Nulle;3_finJuillet;25-07-22;10:25:00;10:55:00;21;soleil;0;0;0;0;0;0;0;0;0;0;9;0;0;0;0;0;0;0;3;0;0;0;0;0;0;0;0;0;0;0;0;0;0;0;0;0;0;0;0;0;0;0;0;0;0;0;0;0;0;0;0;0;0;0;0;0;0;0;0;0;0;0;0;0;0;0;0;0;0;0;0;0;0;0;0;0;0;0;0;0;0;0;0;0;0;0;0;0;0;0;0;0;0;0;0;0;0;0;0;0;0;0;0;0;0;0;0;0;0;0;0;0;0;0;0;0;0;0;0;0;0;0;0;0;0;0;0;0;0;0;0;0;0;0;0;0;0;0;0;0;0;0;0;0;0;0;0;0
97;Mendel_Tonte_Juin;54;55;41;44;36;28;1;Mendel;Tonte;Mendel_Tonte;Tonte;Tonte;isole_tonte;50,66566;4,620241;8551,801887;13279,52482;20912,72229;1232,037366;902;1365,796631;2;Biereau;F;Tonte_tardive;Tonte_tardive;Nulle;1_Juin;29-06-22;10:50:00;11:20:00;21;soleil;0;6;0;0;0;0;0;0;0;0;18;0;0;0;0;0;0;0;0;0;0;0;0;0;0;0;0;0;0;0;0;0;3;0;0;0;0;0;0;0;0;0;0;4;0;0;0;0;0;0;0;0;0;0;0;0;0;0;3;0;0;0;0;0;0;0;0;0;0;0;0;0;0;0;0;0;0;0;0;0;0;0;0;0;0;0;0;0;0;0;0;0;0;0;0;0;0;0;0;0;0;1;1;0;0;0;8;0;0;0;0;0;0;0;0;0;0;0;0;0;0;0;1;0;0;0;0;0;0;0;0;0;0;0;0;0;0;0;0;0;0;0;0;0;0;1;0;0
98;Mendel_Tonte_miJuillet;120;132;46;91;36;28;1;Mendel;Tonte;Mendel_Tonte;Tonte;Tonte;isole_tonte;50,66566;4,620241;8551,801887;13279,52482;20912,72229;1232,037366;902;1365,796631;2;Biereau;F;Tonte_recente;Tonte_recente;Nulle;2_miJuillet;14-07-22;16:05:00;16:35:00;23;alternances;0;0;0;0;0;0;0;0;0;0;0;0;0;0;0;0;0;0;0;0;0;0;0;0;0;0;0;0;0;0;0;0;0;0;0;0;0;0;0;0;0;0;0;0;0;0;0;0;0;0;0;0;0;0;0;0;0;0;0;0;0;0;0;0;0;0;0;0;0;0;0;0;0;0;0;0;0;0;0;0;0;0;0;0;0;0;0;0;0;0;0;0;0;0;0;0;0;0;0;0;0;0;0;0;0;0;0;0;0;0;0;0;0;0;0;0;0;0;0;0;0;0;0;0;0;0;0;0;0;0;0;0;0;0;0;0;0;0;0;0;0;0;0;0;0;0;0;0
99;Mercator_Tonte_finJuillet;149;164;25;121;12;11;1;Mercator;Tonte;Mercator_Tonte;Tonte;Tonte;isole_tonte;50,669501;4,619825;10239,85851;12431,81166;18405,57818;1840,110162;355;277,0678711;2;Biereau;B;Tonte_tardive;Tonte_tardive;Nulle;3_finJuillet;23-07-22;16:20:00;16:50:00;25;soleil;0;36;0;0;0;0;0;0;0;0;0;0;0;0;0;0;0;0;0;0;0;0;0;0;0;0;0;0;0;0;0;0;0;0;0;0;0;0;0;0;0;0;0;0;0;0;0;0;0;0;0;0;0;0;0;0;0;0;0;1;0;0;0;0;0;0;0;0;0;0;0;0;0;0;0;0;0;0;0;0;0;0;0;0;0;0;0;0;0;0;1;0;0;0;0;0;0;0;0;0;0;1;0;0;0;0;1;0;0;0;0;0;0;0;0;0;0;0;0;0;0;0;0;0;0;0;0;0;0;0;0;0;0;0;0;0;0;0;1;0;0;0;0;0;0;0;0;0
100;Mercator_Tonte_Juin;17;32;25;27;12;11;1;Mercator;Tonte;Mercator_Tonte;Tonte;Tonte;isole_tonte;50,669501;4,619825;10239,85851;12431,81166;18405,57818;1840,110162;355;277,0678711;2;Biereau;D;Tonte_tardive;Tonte_tardive;Nulle;1_Juin;23-06-22;09:00:00;09:30:00;20;alternances;0;11;0;0;0;0;0;0;0;0;0;0;0;0;0;0;0;0;0;0;0;0;0;0;0;0;0;0;0;0;0;0;35;0;0;0;0;0;0;0;0;0;0;0;0;0;0;0;0;0;0;0;0;0;0;0;0;0;0;0;0;0;0;0;0;0;0;0;0;0;0;0;0;0;0;0;0;0;0;0;0;0;0;0;0;0;0;0;0;0;0;0;0;0;0;0;0;0;0;0;0;0;0;0;0;0;0;0;0;0;0;0;0;0;0;0;0;0;0;0;0;0;0;0;0;0;0;0;0;0;0;0;0;0;0;0;0;0;0;0;0;0;0;0;0;0;1;0
101;Mercator_Tonte_miJuillet;83;104;28;74;12;11;1;Mercator;Tonte;Mercator_Tonte;Tonte;Tonte;isole_tonte;50,669501;4,619825;10239,85851;12431,81166;18405,57818;1840,110162;355;277,0678711;2;Biereau;D;Tonte_tardive;Tonte_tardive;Nulle;2_miJuillet;12-07-22;12:55:00;13:25:00;25;soleil;0;29;0;0;0;0;0;0;0;0;3;0;0;0;0;0;0;0;3;0;0;0;0;0;0;0;0;0;0;0;0;0;3;0;0;0;0;0;0;0;0;3;0;1;0;0;0;0;0;0;0;0;0;0;0;0;0;0;0;0;0;0;0;0;0;0;0;0;0;0;0;0;0;0;0;0;0;0;0;0;0;0;0;0;0;0;0;0;0;0;0;0;0;0;0;0;0;0;0;0;0;0;1;0;0;0;2;0;0;0;0;0;0;0;0;0;0;0;0;0;0;0;0;0;0;0;0;0;0;0;0;0;0;0;0;0;0;0;0;0;1;0;0;0;0;0;0;0
102;Parc_Lapins_Fauche_finJuillet;193;163;24;113;41;31;1;Parc_Lapins;Fauche;Parc_Lapins_Fauche;Fauche;Graminees;mixte;50,663958;4,616191;13014,34325;7071,528093;359,3736281;5946,209201;1970;2099,108643;1;Biereau;B;Fauche;Graminees;Nulle;3_finJuillet;23-07-22;15:10:00;15:40:00;24;soleil;0;0;0;0;0;0;0;0;0;0;0;0;0;0;0;0;15;0;0;0;0;0;0;0;0;0;0;0;0;0;0;0;0;0;0;0;0;0;0;0;0;0;0;0;0;0;0;0;0;0;0;0;0;0;0;0;9;0;5;0;0;0;0;0;0;0;0;0;0;0;0;0;0;0;0;0;0;0;0;0;0;0;0;0;0;0;6;1;1;0;0;0;0;0;0;0;0;0;0;0;0;0;0;0;0;0;7;0;0;0;0;0;0;0;0;0;1;2;0;0;0;0;0;0;0;0;0;0;0;0;0;0;0;0;0;0;0;0;0;3;2;0;0;0;2;0;3;0
103;Parc_Lapins_Fauche_Juin;61;29;22;19;41;31;1;Parc_Lapins;Fauche;Parc_Lapins_Fauche;Fauche;Graminees;mixte;50,663958;4,616191;13014,34325;7071,528093;359,3736281;5946,209201;1970;2099,108643;1;Biereau;C;Fauche;Graminees;Nulle;1_Juin;22-06-22;15:15:00;15:45:00;24;soleil;0;0;0;0;0;0;0;0;0;0;0;0;0;0;0;0;0;0;0;0;0;0;0;0;0;0;0;0;0;0;0;0;0;0;0;0;0;0;0;0;0;0;0;0;0;0;0;0;0;0;0;0;0;0;0;0;0;0;0;0;0;0;0;0;0;0;0;0;0;0;0;0;0;0;0;0;0;0;0;0;0;0;0;0;0;0;0;0;0;0;0;0;0;0;0;0;0;0;0;0;0;0;0;0;0;0;0;0;0;0;0;0;0;0;0;0;0;0;0;0;0;0;0;0;0;0;0;0;0;0;0;0;0;0;0;0;0;0;0;0;0;0;0;0;0;0;0;0
104;Parc_Lapins_Fauche_miJuillet;127;91;18;66;41;31;1;Parc_Lapins;Fauche;Parc_Lapins_Fauche;Fauche;Graminees;mixte;50,663958;4,616191;13014,34325;7071,528093;359,3736281;5946,209201;1970;2099,108643;1;Biereau;C;Fauche;Graminees;Nulle;2_miJuillet;11-07-22;12:45:00;13:15:00;21;soleil;0;0;0;0;0;0;0;0;0;0;0;0;0;0;0;0;0;0;0;0;0;0;0;0;0;0;0;0;0;0;0;0;0;0;0;0;0;0;0;0;0;0;0;0;0;0;0;0;0;0;0;0;0;0;0;0;0;0;0;0;0;0;0;0;0;0;0;0;0;0;0;0;0;0;0;0;0;0;0;0;0;0;0;0;0;0;0;0;0;0;0;0;0;0;0;0;0;0;0;0;0;0;0;0;0;0;0;0;0;0;0;0;0;0;0;0;0;0;0;0;0;0;0;0;0;0;0;0;0;0;0;0;0;0;0;0;0;0;0;0;0;0;0;0;0;0;0;0
105;Parc_Lapins_Tonte_finJuillet;192;162;23;112;40;31;1;Parc_Lapins;Tonte;Parc_Lapins_Tonte;Tonte;Tonte;mixte;50,664034;4,615877;13320,08768;4875,988173;325,7965974;8611,996662;7570;7537,629883;2;Biereau;B;Tonte_recente;Tonte_recente;Moyenne;3_finJuillet;23-07-22;14:35:00;15:05:00;24;soleil;0;1;0;0;0;0;0;0;0;0;0;0;0;0;0;0;0;0;0;0;0;0;0;0;0;0;0;0;0;0;0;0;0;0;0;0;0;0;0;0;0;0;0;38;0;0;0;0;0;0;0;0;0;0;0;0;0;0;0;1;0;2;0;0;0;0;0;0;0;0;0;0;0;0;0;0;0;0;0;0;0;0;0;0;0;0;0;0;0;0;0;0;0;0;0;0;0;0;0;0;0;0;0;0;0;0;0;0;0;0;0;0;0;0;0;0;0;0;0;0;0;0;0;0;0;0;0;0;0;0;0;0;0;0;0;0;0;0;0;0;0;0;0;0;0;0;0;0
106;Parc_Lapins_Tonte_Juin;60;28;21;18;40;31;1;Parc_Lapins;Tonte;Parc_Lapins_Tonte;Tonte;Tonte;mixte;50,664034;4,615877;13320,08768;4875,988173;325,7965974;8611,996662;7570;7537,629883;2;Biereau;C;Tonte_recente;Tonte_recente;Moyenne;1_Juin;22-06-22;14:45:00;15:15:00;23;soleil;0;0;0;0;0;0;0;0;0;0;0;0;0;0;0;0;0;0;0;0;0;0;0;0;0;0;0;0;0;0;0;0;0;0;0;0;0;0;0;0;0;0;0;16;0;0;0;0;0;0;0;0;0;0;0;0;0;0;0;0;0;1;0;0;0;0;0;0;0;0;0;0;0;0;0;0;0;0;0;0;0;0;0;0;0;0;0;0;0;0;0;0;0;0;0;0;0;0;0;0;0;0;0;0;0;0;0;0;0;0;0;0;0;0;0;0;0;0;0;0;0;0;0;0;0;0;0;0;0;0;0;0;0;0;0;0;0;0;0;0;0;0;0;0;0;0;0;0
107;Parc_Lapins_Tonte_miJuillet;126;90;17;65;40;31;1;Parc_Lapins;Tonte;Parc_Lapins_Tonte;Tonte;Tonte;mixte;50,664034;4,615877;13320,08768;4875,988173;325,7965974;8611,996662;7570;7537,629883;2;Biereau;C;Tonte_tardive;Tonte_tardive;Moyenne;2_miJuillet;11-07-22;12:20:00;12:50:00;21;soleil;0;0;0;0;0;0;0;0;0;0;0;0;0;0;0;0;0;0;0;0;0;0;0;0;0;0;0;0;0;0;0;0;0;0;0;0;0;0;0;0;0;0;0;100;0;0;0;0;0;0;0;0;0;0;0;0;0;0;0;8;0;7;1;0;0;0;1;0;0;0;0;0;0;0;0;0;0;0;0;0;0;0;0;0;0;0;0;0;0;0;0;0;0;0;0;0;0;0;0;0;0;0;0;0;0;0;0;0;0;0;0;0;0;0;0;0;0;0;0;0;0;0;0;0;0;0;0;0;0;0;0;0;0;0;0;0;0;0;0;0;0;0;0;0;0;0;0;0
108;Reaumur_Fauche_finJuillet;157;168;29,1;127;18;15;2;Reaumur;Fauche;Reaumur_Fauche;Seme;Seme;mixte;50,66880848;4,621312102;8339,227715;15646,36921;13832,98827;3755,410674;959;900,3970947;1;Biereau;C;Seme;Seme;Nulle;3_finJuillet;24-07-22;09:30:00;10:05:00;21;soleil;5;0;0;0;8;0;0;3;22;0;0;36;0;0;0;0;0;0;0;0;0;0;0;0;0;0;0;0;0;0;0;0;0;0;0;0;0;0;3;0;0;0;0;0;0;0;0;0;0;0;0;0;0;0;0;0;0;0;2;0;0;8;0;0;0;0;0;0;0;0;0;0;0;0;0;0;0;1;0;0;0;0;2;0;0;0;0;0;0;0;0;0;0;0;1;0;0;1;0;0;5;0;0;0;0;0;3;0;0;0;0;0;0;0;0;0;0;0;0;0;0;0;0;0;0;0;0;0;0;0;0;0;1;0;0;0;0;0;0;0;0;0;0;3;0;0;0;0
109;Reaumur_Fauche_Juin;25;43;32,1;33;18;15;2;Reaumur;Fauche;Reaumur_Fauche;Seme;Seme;mixte;50,66880848;4,621312102;8339,227715;15646,36921;13832,98827;3755,410674;959;900,3970947;1;Biereau;D;Seme;Seme;Nulle;1_Juin;23-06-22;15:00:00;15:40:00;29;soleil;2;0;0;0;17;0;0;0;0;0;0;0;0;0;0;0;0;0;0;0;0;0;0;78;0;15;0;0;0;0;0;4;0;0;0;0;0;0;0;0;0;0;0;33;0;0;0;0;0;0;0;0;0;0;0;0;0;0;2;12;0;2;0;1;0;0;0;0;1;0;0;0;1;0;0;0;0;1;0;0;0;0;0;0;0;0;0;0;1;0;0;0;0;0;0;0;0;1;0;0;0;0;0;0;0;0;2;0;0;0;0;1;0;0;0;0;0;0;0;0;2;0;0;0;0;0;0;0;0;0;0;0;0;0;0;0;0;0;0;1;0;1;0;0;1;0;0;0
110;Reaumur_Fauche_miJuillet;91;99;26,1;80;18;15;2;Reaumur;Fauche;Reaumur_Fauche;Seme;Seme;mixte;50,66880848;4,621312102;8339,227715;15646,36921;13832,98827;3755,410674;959;900,3970947;1;Biereau;D;Seme;Seme;Nulle;2_miJuillet;12-07-22;11:25:00;12:05:00;22;soleil;2;0;0;0;15;0;0;2;39;0;0;4;0;0;0;0;0;0;0;2;0;0;0;3;0;0;0;0;0;0;0;0;0;0;0;0;0;0;0;0;0;0;0;3;0;0;0;0;0;0;0;0;5;1;1;0;0;2;3;2;0;3;0;1;0;0;1;0;4;0;0;1;0;0;0;0;0;0;0;0;0;0;0;0;0;0;0;0;1;0;0;0;0;0;5;0;0;0;0;0;15;0;0;0;0;0;0;0;0;3;0;1;0;0;0;0;0;0;0;0;0;0;0;0;0;0;0;0;0;0;0;0;0;0;1;0;0;0;0;0;0;0;0;1;0;0;2;0
111;Reaumur_Tonte_finJuillet;156;182;36;126;17;15;1;Reaumur;Tonte;Reaumur_Tonte;Tonte;Tonte;mixte;50,668958;4,62123;9131,370392;15015,67879;14035,09995;4207,187049;391;358,786499;2;Biereau;C;Tonte_tardive;Tonte_tardive;Nulle;3_finJuillet;24-07-22;14:20:00;14:50:00;29;soleil;0;4;0;0;0;0;0;0;0;0;0;0;0;0;0;0;0;0;0;0;0;0;0;0;0;0;0;0;0;0;0;1;0;0;0;0;0;0;0;0;0;0;0;30;0;0;0;0;0;0;0;0;0;0;0;0;0;0;0;4;0;1;0;1;0;0;0;0;0;0;0;0;0;0;0;0;0;0;0;0;0;0;0;0;0;0;0;0;0;0;0;1;0;0;0;0;0;0;0;0;0;0;0;0;0;0;0;0;0;0;0;0;0;0;0;0;0;0;0;0;0;0;0;0;0;0;0;0;0;0;0;0;1;0;0;0;0;0;0;0;0;0;0;0;0;0;0;0
112;Reaumur_Tonte_Juin;24;45;33;32;17;15;1;Reaumur;Tonte;Reaumur_Tonte;Tonte;Tonte;mixte;50,668958;4,62123;9131,370392;15015,67879;14035,09995;4207,187049;391;358,786499;2;Biereau;D;Tonte_recente;Tonte_recente;Nulle;1_Juin;23-06-22;15:45:00;16:15:00;29;soleil;0;2;0;0;0;0;0;0;0;0;0;0;0;0;0;0;0;0;0;0;0;0;0;0;0;0;0;0;0;0;0;0;0;0;0;0;0;0;0;0;0;0;0;80;0;0;0;0;0;0;0;0;0;0;0;0;0;0;0;2;0;0;0;0;0;0;0;0;0;0;0;0;0;0;0;0;0;0;0;0;0;0;0;0;0;0;0;0;0;0;0;0;0;0;0;0;0;0;0;0;0;0;0;0;0;0;0;0;0;0;0;0;0;0;0;0;0;0;0;0;0;0;0;0;0;0;0;0;0;0;0;0;0;0;0;0;0;0;0;0;0;0;0;0;0;0;1;0
113;Reaumur_Tonte_miJuillet;90;98;25;79;17;15;1;Reaumur;Tonte;Reaumur_Tonte;Tonte;Tonte;mixte;50,668958;4,62123;9131,370392;15015,67879;14035,09995;4207,187049;391;358,786499;2;Biereau;D;Tonte_tardive;Tonte_tardive;Nulle;2_miJuillet;12-07-22;10:45:00;11:15:00;21;soleil;0;10;0;0;0;0;0;0;0;0;0;0;0;0;0;0;0;0;0;0;0;0;0;0;0;0;0;0;0;0;0;1;4;0;1;0;0;0;0;0;0;0;0;120;0;0;0;0;0;0;0;0;0;0;0;0;0;0;0;5;0;2;0;0;0;0;0;0;0;0;0;0;0;0;0;0;0;0;0;0;0;0;0;0;0;0;0;0;0;0;0;0;0;0;0;0;0;0;0;0;0;0;0;0;0;0;0;0;0;0;0;0;0;0;0;0;0;0;0;0;0;0;0;0;0;0;0;0;0;0;0;0;0;0;0;0;0;0;0;0;0;0;0;0;0;0;0;0
114;Redime_Fauche_finJuillet;163;174;32,1;132;23;19;3;Redime;Fauche;Redime_Fauche;Seme;Seme;mixte;50,668859;4,624446;4351,469958;7695,884347;18916,8979;6841,009704;241;537,8236084;1;Biereau;C;Seme;Seme;Nulle;3_finJuillet;24-07-22;11:40:00;12:15:00;26;soleil;0;0;0;0;15;0;0;0;3;0;3;5;0;0;1;0;0;5;0;6;0;1;0;0;7;0;0;0;0;16;0;3;0;0;0;0;0;0;0;0;0;0;25;0;0;0;0;0;0;0;0;0;0;0;0;0;0;0;0;2;0;2;0;2;0;0;0;0;0;1;0;0;0;0;0;0;0;0;0;0;0;0;0;0;0;0;0;0;0;0;0;0;0;0;0;0;0;0;0;0;2;2;0;0;0;0;1;0;0;0;0;0;0;0;0;0;0;1;0;0;0;0;0;0;0;0;0;0;0;0;0;0;0;0;0;0;0;0;2;1;0;0;1;0;2;0;0;0
115;Redime_Fauche_Juin;31;49;37,1;38;23;19;3;Redime;Fauche;Redime_Fauche;Seme;Seme;mixte;50,668859;4,624446;4351,469958;7695,884347;18916,8979;6841,009704;241;537,8236084;1;Biereau;E;Seme;Seme;Nulle;1_Juin;28-06-22;14:00:00;14:50:00;22;soleil;0;6;0;0;20;0;0;0;0;0;0;0;2;0;0;0;0;6;1;0;0;0;0;21;0;0;0;25;0;4;0;12;8;0;3;0;0;10;0;0;0;10;10;12;0;0;1;0;9;1;0;0;0;0;0;0;0;1;0;4;0;2;0;1;0;0;0;0;1;0;0;0;0;0;0;0;0;0;0;0;0;11;0;0;0;1;0;0;0;0;1;0;0;0;0;1;0;0;0;0;1;1;1;0;0;0;5;0;0;1;0;0;0;0;0;0;0;0;0;0;0;0;0;0;0;1;0;0;0;0;1;0;0;0;0;0;0;0;0;1;0;0;0;1;2;0;2;0
116;Redime_Fauche_miJuillet;97;115;37,1;85;23;19;3;Redime;Fauche;Redime_Fauche;Seme;Seme;mixte;50,668859;4,624446;4351,469958;7695,884347;18916,8979;6841,009704;241;537,8236084;1;Biereau;E;Seme;Seme;Nulle;2_miJuillet;13-07-22;13:20:00;13:50:00;28;soleil;1;0;0;0;36;0;0;0;0;0;0;6;2;0;0;0;0;18;0;10;0;0;0;0;23;0;0;7;0;24;0;0;1;0;0;0;0;0;0;0;0;0;30;0;0;0;0;0;0;0;0;0;0;0;0;0;0;0;0;18;0;6;0;3;1;0;0;0;1;0;0;0;0;0;0;0;0;0;0;0;0;0;0;0;0;0;0;0;0;0;0;0;0;0;0;0;0;5;0;0;7;0;0;0;0;0;3;0;0;0;0;0;1;0;0;0;0;0;0;0;0;0;0;0;0;0;0;0;0;0;0;0;1;0;0;0;0;0;1;2;0;0;0;0;0;0;0;0
117;Rondes_Bosses_Tonte_finJuillet;195;161;22;115;43;33;1;Rondes_Bosses;Tonte;Rondes_Bosses_Tonte;Tonte;Tonte;isole_tonte;50,66474;4,607762;6176,622635;11531,83689;0;0;2828;2700,358887;2;Bruyeres;B;Tonte_tardive;Tonte_tardive;Moyenne;3_finJuillet;23-07-22;13:50:00;14:20:00;23;soleil;0;1;0;0;0;0;0;0;0;0;0;0;0;0;0;0;0;0;3;0;0;0;0;0;0;0;0;0;0;0;0;3;0;0;0;0;0;0;0;0;0;0;0;79;0;0;0;0;0;0;0;0;0;0;0;0;0;0;0;10;0;1;0;0;0;0;0;0;0;0;0;0;0;0;0;0;0;0;0;0;0;0;0;0;0;0;0;0;0;0;0;0;0;0;0;0;0;0;0;0;0;0;0;0;0;0;0;0;0;0;0;0;0;0;0;0;0;0;0;0;0;0;0;0;0;0;0;0;0;0;1;0;0;0;0;0;0;0;0;0;0;0;0;0;0;0;0;0
118;Rondes_Bosses_Tonte_Juin;63;26;19;21;43;33;1;Rondes_Bosses;Tonte;Rondes_Bosses_Tonte;Tonte;Tonte;isole_tonte;50,66474;4,607762;6176,622635;11531,83689;0;0;2828;2700,358887;2;Bruyeres;C;Tonte_tardive;Tonte_tardive;Moyenne;1_Juin;22-06-22;12:15:00;12:45:00;22;soleil;0;104;0;0;0;0;0;0;0;0;0;0;0;0;0;0;0;0;7;0;0;0;0;0;0;0;0;0;0;0;0;0;0;0;3;0;0;0;0;0;0;0;0;220;1;0;0;0;0;0;0;0;0;0;0;0;0;0;0;3;0;0;0;0;0;0;1;0;0;0;0;0;0;0;0;0;0;0;0;0;0;1;0;0;0;0;0;0;0;0;3;0;2;0;0;0;0;0;0;0;0;0;0;0;0;0;3;0;0;0;0;0;0;0;0;0;0;0;0;0;0;0;0;0;0;0;0;0;0;0;0;0;0;0;0;0;0;0;2;0;0;0;0;0;0;1;5;0
119;Rondes_Bosses_Tonte_miJuillet;129;93;20;68;43;33;1;Rondes_Bosses;Tonte;Rondes_Bosses_Tonte;Tonte;Tonte;isole_tonte;50,66474;4,607762;6176,622635;11531,83689;0;0;2828;2700,358887;2;Bruyeres;C;Tonte_tardive;Tonte_tardive;Moyenne;2_miJuillet;11-07-22;13:55:00;14:25:00;22;alternances;0;8;0;0;0;0;0;0;0;0;0;0;0;0;1;0;0;0;0;0;0;0;0;0;0;0;0;0;0;0;0;0;0;0;0;0;0;0;0;0;0;0;0;64;0;0;0;0;0;0;0;0;0;0;0;0;0;0;0;5;0;1;0;0;0;0;0;0;0;0;0;0;0;0;0;0;0;0;0;0;0;0;0;0;0;0;0;0;0;0;0;0;0;0;0;0;0;0;0;0;0;0;0;0;0;0;0;0;0;0;0;0;0;0;0;0;0;0;0;0;0;0;0;0;0;0;0;0;0;0;0;0;0;0;0;0;0;0;0;0;0;0;0;0;0;0;0;0
120;Sc_Fauche_finJuillet;152;167;28;124;15;13;1;Sc;Fauche;Sc_Fauche;Fauche;Fleuri;mixte;50,668757;4,620301;9387,715517;16004,95172;20061,31639;2184,530226;357;387,6246643;1;Biereau;B;Fauche;Fleuri;Nulle;3_finJuillet;23-07-22;17:40:00;18:10:00;26;soleil;0;0;0;0;0;0;0;0;0;0;0;32;0;0;0;0;0;0;0;0;0;0;0;0;0;0;8;0;0;0;0;0;0;0;0;0;0;0;0;0;0;0;0;0;0;0;0;0;0;0;0;1;0;0;0;0;0;0;1;0;0;0;0;0;0;0;0;0;0;0;0;0;0;0;0;0;0;0;0;0;0;0;0;0;0;0;0;0;0;0;0;0;0;0;0;0;0;0;0;0;1;0;0;0;0;0;1;0;0;0;0;0;0;0;0;0;0;0;0;0;0;0;0;0;0;0;0;0;0;0;0;0;1;0;0;0;0;0;0;0;0;0;0;5;0;0;0;0
121;Sc_Fauche_Juin;20;35;28;30;15;13;1;Sc;Fauche;Sc_Fauche;Fauche;Fleuri;mixte;50,668757;4,620301;9387,715517;16004,95172;20061,31639;2184,530226;357;387,6246643;1;Biereau;D;Fauche;Fleuri;Nulle;1_Juin;23-06-22;11:10:00;11:40:00;23;soleil;0;1;0;2;0;0;0;0;1;0;43;0;0;1;0;0;0;1;6;0;0;0;0;0;0;0;1;0;0;0;0;0;0;0;0;0;0;0;0;0;0;0;0;0;0;0;0;0;0;0;0;5;0;0;0;0;0;0;3;0;0;0;0;1;0;0;0;0;0;0;0;0;0;0;0;0;0;1;0;0;0;1;0;0;0;0;0;0;0;0;0;0;0;0;0;0;0;1;0;0;0;0;0;0;0;0;7;0;0;0;0;0;0;0;0;0;0;0;0;0;0;0;0;0;0;0;0;0;0;0;1;0;0;0;0;0;1;0;0;1;0;0;0;0;0;0;2;1
122;Sc_Fauche_miJuillet;86;109;31;77;15;13;1;Sc;Fauche;Sc_Fauche;Fauche;Fleuri;mixte;50,668757;4,620301;9387,715517;16004,95172;20061,31639;2184,530226;357;387,6246643;1;Biereau;D;Fauche;Fleuri;Nulle;2_miJuillet;12-07-22;16:40:00;17:10:00;28;soleil;0;0;0;1;0;0;0;0;4;0;4;0;0;0;0;0;0;3;0;0;0;0;0;0;0;0;6;0;0;0;0;0;0;0;0;0;0;0;0;0;0;0;0;0;0;0;0;0;0;0;0;0;0;0;0;0;0;0;2;2;0;0;0;0;0;0;1;0;0;0;0;0;0;0;0;0;0;0;0;0;0;0;0;0;0;0;0;0;0;0;0;0;0;0;0;0;0;0;0;0;0;0;0;0;0;0;0;1;0;0;0;0;0;0;0;0;0;0;0;0;0;0;0;0;0;0;0;0;0;0;0;0;2;0;0;0;0;0;0;0;0;0;0;1;0;0;0;0
123;Serres_Fauche_finJuillet;183;186;40,1;137;35;27;3;Serres;Fauche;Serres_Fauche;Seme;Seme;isole_fauche;50,665987;4,619005;11377,34724;11507,86653;7648,945216;3897,252101;589;723,8536987;1;Biereau;D;Seme;Seme;Nulle;3_finJuillet;25-07-22;09:40:00;10:20:00;20;soleil;2;0;0;0;0;0;0;0;1;0;4;14;0;0;0;23;2;0;0;2;3;0;0;0;100;0;0;0;0;76;0;6;0;0;0;0;0;5;0;0;0;0;1;0;0;0;0;0;0;0;0;0;0;0;0;0;0;0;0;16;0;3;0;3;0;0;2;0;0;0;0;0;0;0;0;0;0;0;0;0;0;0;0;0;0;0;0;0;6;0;0;0;0;0;0;0;0;0;0;0;0;0;0;0;0;0;0;0;0;1;0;0;0;0;0;0;0;0;0;0;0;0;0;0;0;0;1;0;0;0;0;0;0;0;0;0;0;0;1;0;0;0;0;0;3;0;0;0
124;Serres_Fauche_Juin;51;60;44,1;43;35;27;3;Serres;Fauche;Serres_Fauche;Seme;Seme;isole_fauche;50,665987;4,619005;11377,34724;11507,86653;7648,945216;3897,252101;589;723,8536987;1;Biereau;F;Seme;Seme;Nulle;1_Juin;29-06-22;14:00:00;14:45:00;26;soleil;0;0;0;0;5;0;0;0;0;0;0;9;0;0;0;28;0;7;0;2;2;0;0;0;2;0;0;10;0;36;0;0;0;0;0;0;0;0;0;0;0;0;0;1;0;0;0;0;0;0;0;1;0;0;0;0;0;1;4;9;0;0;0;2;0;0;1;1;1;0;0;0;0;0;0;0;0;0;0;0;0;1;0;0;0;0;0;0;0;0;0;0;0;0;0;0;1;0;1;1;10;0;0;0;0;0;0;0;0;0;0;0;0;0;0;0;0;0;0;0;2;0;0;0;0;0;0;0;0;0;0;0;0;0;0;0;0;0;0;1;0;0;0;1;0;0;0;0
125;Serres_Fauche_miJuillet;117;125;43,1;90;35;27;3;Serres;Fauche;Serres_Fauche;Seme;Seme;isole_fauche;50,665987;4,619005;11377,34724;11507,86653;7648,945216;3897,252101;589;723,8536987;1;Biereau;F;Seme;Seme;Nulle;2_miJuillet;14-07-22;14:00:00;14:50:00;24;soleil;0;0;0;0;0;0;0;0;0;0;0;8;0;0;0;19;1;7;0;0;0;0;0;0;203;1;0;0;0;58;0;1;0;0;0;0;1;0;0;0;0;0;0;0;0;0;0;0;0;0;0;2;0;0;0;0;0;0;3;34;0;1;0;1;0;0;2;0;0;0;3;0;0;0;0;0;0;0;0;0;0;0;0;0;0;0;0;2;0;0;0;0;0;0;0;0;0;0;0;0;2;0;0;0;0;0;4;0;0;1;0;2;0;0;0;0;0;0;0;0;0;0;0;0;0;0;0;0;1;0;0;0;0;0;0;0;0;0;0;0;0;0;0;2;1;0;0;0
126;Source_Tonte_finJuillet;133;151;13;102;1;1;1;Source;Tonte;Source_Tonte;Tonte;Tonte;isole_tonte;50,672551;4,614151;15710,09907;8613,388082;0;0;4220;1503,743408;2;Lauzelle;A;Tonte_tardive;Tonte_tardive;Moyenne;3_finJuillet;22-07-22;16:55:00;17:25:00;22;alternances;0;3;0;0;0;0;0;0;0;0;0;0;0;0;0;0;0;0;0;0;0;0;0;0;0;0;0;0;0;0;0;0;0;0;0;0;0;0;0;0;0;0;0;34;0;0;0;0;0;0;0;0;0;0;0;0;0;0;0;2;0;0;0;0;0;0;0;0;0;0;0;0;0;0;0;0;0;0;0;0;0;0;0;0;0;0;0;0;0;0;0;0;0;0;0;0;0;0;0;0;0;0;0;0;0;0;0;0;0;0;0;0;0;1;0;0;0;0;0;0;0;0;0;0;0;0;0;0;0;0;0;0;0;0;0;0;0;0;0;0;0;0;0;0;0;0;0;0
127;Source_Tonte_Juin;1;12;8;8;1;1;1;Source;Tonte;Source_Tonte;Tonte;Tonte;isole_tonte;50,672551;4,614151;15710,09907;8613,388082;0;0;4220;1503,743408;2;Lauzelle;B;Tonte_tardive;Tonte_tardive;Moyenne;1_Juin;21-06-22;10:50:00;11:20:00;18;nuageux;0;31;0;0;0;0;0;0;0;0;0;0;0;0;0;0;0;0;0;0;0;0;0;0;0;0;0;0;0;0;0;0;0;0;0;0;0;0;0;0;0;0;0;420;0;0;0;0;0;0;1;0;0;0;0;0;0;0;0;3;0;0;0;0;0;0;0;0;0;0;0;0;0;0;0;0;0;0;0;0;0;2;0;0;0;0;0;0;0;0;0;0;0;0;0;0;0;0;0;0;0;0;0;0;0;0;0;0;0;0;0;0;0;0;0;0;0;0;0;0;0;0;0;0;0;0;0;0;0;0;0;0;0;0;0;0;0;0;0;0;0;0;0;0;0;0;2;0
128;Source_Tonte_miJuillet;67;87;14;55;1;1;1;Source;Tonte;Source_Tonte;Tonte;Tonte;isole_tonte;50,672551;4,614151;15710,09907;8613,388082;0;0;4220;1503,743408;2;Lauzelle;B;Tonte_tardive;Tonte_tardive;Moyenne;2_miJuillet;10-07-22;17:40:00;18:10:00;22;soleil;0;1;0;0;0;0;0;0;0;0;0;0;0;0;0;0;0;0;0;0;0;0;0;0;0;0;0;0;0;0;0;13;0;0;0;0;0;0;0;0;0;0;0;80;0;0;0;0;0;0;0;0;0;0;0;0;0;0;0;5;0;1;1;2;0;0;0;0;1;0;0;0;0;0;0;0;0;0;0;0;0;0;0;0;0;0;0;0;0;0;0;0;0;0;0;0;0;0;0;0;0;0;0;0;0;0;0;0;0;0;0;0;0;0;0;0;0;0;0;0;0;0;0;0;0;0;0;0;0;0;0;0;0;0;0;0;0;0;0;0;0;0;0;0;0;0;0;0
129;Stevin_Tonte_finJuillet;161;185;39;130;21;17;1;Stevin;Tonte;Stevin_Tonte;Tonte;Tonte;isole_tonte;50,668929;4,623032;7024,203875;21223,07357;15363,91107;310,190902;532;653,9789429;2;Biereau;C;Tonte_tardive;Tonte_tardive;Moyenne;3_finJuillet;24-07-22;15:55:00;16:25:00;30;soleil;0;3;0;0;0;0;0;0;0;0;0;0;0;0;0;0;0;0;0;0;0;0;0;0;0;0;0;0;0;0;0;0;10;0;0;0;0;0;0;0;0;0;0;37;0;0;0;0;0;0;0;0;0;0;0;0;0;0;0;9;0;2;0;0;0;0;0;0;0;0;0;0;0;0;0;0;0;0;0;0;0;0;0;0;0;0;0;0;0;0;0;0;0;0;0;0;0;0;0;0;0;0;0;0;0;0;0;0;0;0;0;0;0;0;0;0;0;0;0;0;0;0;0;0;0;0;0;0;0;0;0;0;0;0;0;0;0;0;0;0;0;0;0;0;1;0;0;0
130;Stevin_Tonte_Juin;29;48;36;36;21;17;1;Stevin;Tonte;Stevin_Tonte;Tonte;Tonte;isole_tonte;50,668929;4,623032;7024,203875;21223,07357;15363,91107;310,190902;532;653,9789429;2;Biereau;E;Tonte_tardive;Tonte_tardive;Moyenne;1_Juin;28-06-22;12:25:00;12:55:00;21;soleil;0;4;0;0;0;0;0;0;0;0;0;0;0;0;0;0;0;0;1;0;0;0;0;0;0;0;0;0;0;0;0;0;1;0;2;0;0;0;0;0;0;0;0;19;0;0;0;0;0;0;0;0;0;0;0;0;0;0;0;0;0;0;0;1;0;0;0;0;0;0;0;0;0;0;0;0;0;0;0;0;0;0;0;0;0;0;0;0;0;0;0;0;0;0;0;0;0;0;0;0;0;1;0;0;0;0;3;0;0;0;0;0;0;0;2;0;0;0;0;0;0;0;0;0;0;0;0;0;0;0;1;0;0;0;0;0;0;0;0;0;0;0;0;0;0;0;0;0
131;Stevin_Tonte_miJuillet;95;120;40;83;21;17;1;Stevin;Tonte;Stevin_Tonte;Tonte;Tonte;isole_tonte;50,668929;4,623032;7024,203875;21223,07357;15363,91107;310,190902;532;653,9789429;2;Biereau;E;Tonte_recente;Tonte_recente;Moyenne;2_miJuillet;13-07-22;15:10:00;15:40:00;29;alternances;0;2;0;0;0;0;0;0;0;0;0;0;0;0;0;0;0;0;0;0;0;0;0;0;0;0;0;0;0;0;0;0;3;0;0;0;0;0;0;0;0;0;0;10;0;0;0;0;0;0;0;0;0;0;0;0;0;0;0;1;0;0;0;0;0;0;0;0;0;0;0;0;0;0;0;0;0;0;0;0;0;0;0;0;0;0;0;0;0;0;0;0;0;0;0;0;0;0;0;0;0;0;0;0;0;0;0;0;0;0;0;0;0;0;0;0;0;0;0;0;0;0;0;0;0;0;0;0;0;0;0;0;0;0;0;0;0;0;0;0;0;0;0;0;0;0;0;0
132;Vinci_Tonte_finJuillet;167;143;7;95;25;21;1;Vinci;Tonte;Vinci_Tonte;Tonte;Tonte;isole_tonte;50,667786;4,622726;11891,29588;11310,0493;27194,35491;0;1915;2603,564941;2;Biereau;A;Tonte_tardive;Tonte_tardive;Nulle;3_finJuillet;22-07-22;14:00:00;14:30:00;21;alternances;0;7;0;0;0;0;0;0;0;0;0;0;0;0;0;0;0;0;2;0;0;0;0;0;0;0;0;0;0;0;0;0;0;0;0;0;0;0;0;0;0;0;0;32;0;0;0;0;0;0;0;0;0;0;0;0;0;0;0;1;0;0;0;0;0;0;0;0;0;0;0;0;0;0;0;0;0;0;0;0;0;0;0;0;0;0;0;0;0;0;0;0;0;0;0;0;0;0;0;0;0;0;0;0;0;0;1;0;0;0;0;0;0;0;0;0;0;0;0;0;0;0;0;0;0;0;0;0;0;0;1;0;0;0;0;0;0;0;0;0;0;0;0;0;0;0;0;0
133;Vinci_Tonte_Juin;35;11;7;1;25;21;1;Vinci;Tonte;Vinci_Tonte;Tonte;Tonte;isole_tonte;50,667786;4,622726;11891,29588;11310,0493;27194,35491;0;1915;2603,564941;2;Biereau;A;Tonte_recente;Tonte_recente;Nulle;1_Juin;20-06-22;17:50:00;18:20:00;24;soleil;0;4;0;0;0;0;0;0;0;0;0;0;0;0;0;0;0;0;0;0;0;0;0;0;0;0;0;0;0;0;0;0;0;0;0;0;0;0;0;0;0;0;0;19;0;0;0;0;0;0;0;0;0;0;0;0;0;0;0;1;0;0;0;0;0;0;0;0;0;0;0;0;0;0;0;0;0;0;0;0;0;0;0;0;0;0;0;0;0;0;0;0;0;0;0;0;0;0;0;0;0;0;0;0;0;0;0;0;0;0;0;0;0;0;0;0;0;0;0;0;0;0;0;0;0;0;0;0;0;0;0;0;0;0;0;0;0;0;0;0;0;0;0;0;0;0;0;0
134;Vinci_Tonte_miJuillet;101;67;1;48;25;21;1;Vinci;Tonte;Vinci_Tonte;Tonte;Tonte;isole_tonte;50,667786;4,622726;11891,29588;11310,0493;27194,35491;0;1915;2603,564941;2;Biereau;A;Tonte_recente;Tonte_recente;Nulle;2_miJuillet;08-07-22;10:00:00;10:30:00;19;soleil;0;6;0;0;0;0;0;0;0;0;0;0;0;0;0;0;0;0;0;0;0;0;0;0;0;0;0;0;0;0;0;0;0;0;0;0;0;0;0;0;0;0;0;13;0;0;0;0;0;0;0;0;0;0;0;0;0;0;0;1;0;0;0;0;0;0;0;0;0;0;0;0;0;0;0;0;0;0;0;0;0;0;0;0;0;0;0;0;0;0;0;0;0;0;0;0;0;0;0;0;0;1;0;0;0;0;0;0;0;0;0;0;0;0;0;0;0;0;0;0;0;0;0;0;0;0;0;0;0;0;0;0;0;0;0;0;0;0;0;0;0;0;0;0;0;0;0;0
