Site_gestion_date;si ajout;Ordre total;Ordre par jour;Tri si modif;Quadrat;Numéro;nombre_quadrats;Site;Gestion_2;Gestion_3;Gestion_4;Mixte_isole;Y;X;Green100;Building100;Impervious100;Natural100;Area;id;Quartier;Jours;Gestion_moment_4;Gestion_moment_5;Activite;Periode;Date;Heure_debut;Heure_fin;Temperature;Meteo;Achillea_millefolium;Bellis_perennis;Betonica_officinalis;Campanula_rapunculus;Centaurea_jacea;Centaurium_erythraea;Cerastium_fontanum;Cichorium_intybus;Cirsium_arvense;Cirsium_vulgare;Crepis_capillaris;Daucus_carota;Galium_mollugo;Geranium_dissectum;Geranium_molle;Geranium_pratense;Helianthus_annuus;Heracleum_sphondylium;Hypericum_perforatum;Hypochaeris_radicata;Jacobaea_vulgaris;Knautia_arvensis;Lapsana_communis;Lathyrus_latifolius;Leucanthemum_vulgare;Lotus_corniculatus;Malva_alcea_._Malva_moschata;Matricaria_chamomilla_Tripleurospermum_maritimum;Medicago_lupulina;Medicago_sativa;Origanum_vulgare;Picris_hieracioides;Plantago_lanceolata;Prunella_vulgaris;Ranunculus_acris;Ranunculus_repens;Rhinanthus_angustifolius;Rhinanthus_minor;Silene_latifolia;Tanacetum_vulgare;Torilis_japonica;Trifolium_campestre;Trifolium_dubium;Trifolium_pratense;Trifolium_repens;Veronica_arvensis;Veronica_persica;Veronica_serpyllifolia;Vicia_sativa;Vicia_tetrasperma_subsp._tetrasperma;Aglais_io;Andrena_dorsata;Andrena_flavipes;Andrena_fulvago;Andrena_humilis;Andrena_minutula.gr.;Andrena_proxima;Andrena_rosae;Andrena_spec.;Anthophila_indet.;Apis_mellifera;Aricia_agestis;Bombus_lapidarius;Bombus_lucorum;Bombus_pascuorum;Bombus_pratorum;Bombus_spec.;Bombus_terrestris.lucorum.magnus.cryptarum;Bombus_vestalis;Bombus_vestalis.bohemicus;Carcharodus_alceae;Ceratina_cyanea;Cerceris_arenaria;Cerceris_rybyensis;Cerceris_spec.;Cheilosia_pagana;Cheilosia_spec.;Cheilosia_variabilis;Chelostoma_rapunculi;Colletes.daviesanus.fodiens.similis;Dasypoda_hirtipes;Dasysyrphus_albostriatus;Episyrphus_balteatus;Eristalis_arbustorum;Eristalis_arbustorum.abusiva;Eristalis_intricaria;Eristalis_nemorum;Eristalis_pertinax;Eristalis_spec.;Eristalis_tenax;Euclidia_glyphica;Eupeodes_corollae;Eupeodes_latifasciatus;Eupeodes_luniger;Halictidae_indet.;Halictus_scabiosae;Helophilus_pendulus;Helophilus_trivittatus;Heriades_truncorum;Hylaeus_communis;Hylaeus_gredleri;Hylaeus_spec.;Lasioglossum_.Dialictus._spec.;Lasioglossum_.Leuchalictus._spec.;Lasioglossum_.Sphecodogastra._spec.;Lasioglossum_leucozonium;Lasioglossum_sexnotatum;Lasioglossum_spec.;Lycaena_phlaeas;Macroglossum_stellatarum;Maniola_jurtina;Megachile_centuncularis;Megachile_spec.;Megachile_willughbiella;Melanostoma_mellinum;Melanostoma_mellinum_Platycheirus_albimanus;Melanostoma_spec.;Mesembrina_meridiana;Myathropa_florea;Neoascia_spec.;Nowickia_ferox;Osmia_leaiana.niveata;Osmia_spinulosa;Panurgus_calcaratus;Paragus_haemorrhous;Pieris_brassicae;Pieris_napi;Pieris_rapae;Pieris_spec.;Pipizella_spec.;Pipizella_viduata;Platycheirus_albimanus;Polygonia_c.album;Polyommatus_icarus;Pyronia_tithonus;Rhopalocera_indet.;Scaeva_pyrastri;Scaeva_selenitica;Scaeva_spec.;Sphaerophoria_scripta;Sphaerophoria_spec.;Sphecodes_spec.;Stelis_punctulatissima;Stomorhina_lunata;Syritta_pipiens;Syrphidae_indet.;Syrphus_ribesii;Syrphus_spec.;Volucella_zonaria
CEI_Tonte_finJuillet;169;133;1;96;27;23;1;CEI;Tonte;Tonte;Tonte;mixte;50,667;4,624626;13648,43399;1902,03301;16088,12721;4078,418525;1755,463623;2;Parc sc;A;Tonte_tardive;Tonte_tardive;Nulle;3_finJuillet;22-07-22;10:10:00;10:40:00;18;nuageux;0;0;0;0;0;0;0;0;0;0;0;0;0;0;0;0;0;0;0;2;0;0;0;0;0;0;0;0;0;0;0;0;0;2;0;0;0;0;0;0;0;0;0;0;4;0;0;0;0;0;0;0;0;0;0;0;0;0;0;0;0;0;0;0;0;0;0;0;0;0;0;0;0;0;0;0;0;0;0;0;0;0;0;0;0;0;0;0;0;0;0;0;0;0;0;0;0;0;0;0;0;0;0;0;0;0;0;0;0;0;0;0;0;0;0;0;0;0;0;0;0;0;0;0;0;0;0;0;0;0;0;0;0;0;0;0;0;0;0;0;0;0;0;0;0;0;0;1;0
CEI_Fauche_finJuillet;170;134;2,2;97;28;23;3;CEI;Fauche;Fauche;Graminees;mixte;50,667217;4,624937;11318,2389;2191,585583;12727,27373;4971,070285;2003,062866;1;Parc sc;A;Fauche;Graminees;Nulle;3_finJuillet;22-07-22;10:20:00;10:50:00;18;nuageux;0;0;0;0;0;0;0;0;1;0;0;1;0;1;1;0;0;0;0;2;2;0;0;0;0;0;0;0;0;0;0;0;1;0;0;0;0;0;0;0;0;0;0;0;0;0;0;0;0;0;0;0;0;0;0;0;0;0;0;0;0;0;0;0;0;0;0;0;0;0;0;0;0;0;0;0;0;0;0;0;0;0;0;0;0;0;0;0;0;0;0;0;0;0;0;0;0;0;0;0;0;0;0;0;0;0;0;0;0;0;0;0;0;0;0;0;0;0;0;0;0;0;0;0;0;0;0;0;0;0;0;0;0;1;0;0;0;0;0;1;1;0;0;0;0;0;0;1;0
Cyclotron_Fauche_finJuillet;174;137;3;99;30;24;1;Cyclotron;Fauche;Seme;Seme;mixte;50,608823;4,624223;12272,84077;12639,60363;26102,88847;2749,948523;995,0355225;1;Parc sc;A;Seme;Seme;Nulle;3_finJuillet;22-07-22;11:00:00;11:30:00;18;nuageux;0;1;0;0;1;0;0;1;0;0;1;1;0;0;0;0;0;0;0;2;0;0;0;0;2;2;1;0;0;0;0;1;0;0;0;1;0;0;0;0;0;0;0;0;2;0;0;0;0;0;0;0;0;0;0;0;0;0;0;0;0;0;0;0;0;0;0;0;0;0;0;0;0;0;0;0;1;0;0;0;0;0;1;0;0;0;0;0;0;0;0;0;0;0;0;0;0;0;0;0;0;0;0;0;0;0;0;0;0;0;0;0;0;0;0;0;0;0;0;0;0;0;0;0;0;0;0;0;0;0;0;1;0;0;0;0;0;0;0;0;0;0;0;0;0;1;0;0;0
Hemptinne_Tonte_finJuillet;175;138;4;100;31;25;1;Hemptinne;Tonte;Tonte;Tonte;mixte;50,665464;4,623662;15059,11066;19676,03658;7770,355406;2482,702605;784,7885742;2;Parc sc;A;Tonte_tardive;Tonte_tardive;Moyenne;3_finJuillet;22-07-22;11:40:00;12:10:00;18;nuageux;0;1;0;0;0;0;0;0;0;0;2;0;0;0;0;0;0;0;0;3;0;0;0;0;0;0;0;0;0;0;0;0;0;1;0;0;0;0;0;0;0;0;2;0;4;0;0;0;0;0;0;0;0;0;0;0;0;0;0;0;4;0;1;0;0;0;0;0;0;0;0;0;0;0;0;0;0;0;0;0;0;0;0;0;0;0;0;0;0;1;0;0;0;0;0;0;0;0;0;0;0;0;0;0;1;0;0;0;0;0;0;0;0;0;0;0;0;0;0;0;0;0;0;0;0;0;0;0;0;0;0;0;0;0;0;0;0;0;0;0;0;0;0;0;0;0;0;0;0
Hemptinne_Fauche_finJuillet;176;139;5,1;101;32;25;3;Hemptinne;Fauche;Fauche;Fleuri;mixte;50,66497;4,624537;7535,815302;14984,97618;6836,944109;2622,56091;1670,095215;1;Parc sc;A;Fauche;Fleuri;Nulle;3_finJuillet;22-07-22;12:30:00;13:05:00;20;alternances;0;0;0;0;0;0;0;0;2;2;1;2;0;0;0;0;0;0;0;1;2;0;0;0;0;0;0;0;0;0;0;1;0;2;0;0;0;0;0;0;0;0;0;0;0;0;0;0;0;0;0;0;0;0;0;0;0;0;0;1;0;1;2;0;0;0;0;0;0;0;0;0;1;1;0;0;0;1;0;0;0;0;0;0;0;0;0;0;0;2;0;0;0;0;0;0;0;0;0;0;0;1;0;0;0;1;0;2;0;0;0;0;0;0;0;0;0;0;0;0;0;0;0;0;0;0;0;0;0;0;1;0;0;4;2;0;0;0;0;1;0;1;0;0;1;0;0;0;0
Cyclotron_Tonte_finJuillet;173;142;6;98;29;24;1;Cyclotron;Tonte;Tonte;Tonte;mixte;50,664449;4,622821;13036,65844;6143,874486;26573,14773;0,239726497;1027,552124;2;Parc sc;A;Tonte_recente;Tonte_recente;Moyenne;3_finJuillet;22-07-22;13:15:00;13:45:00;21;alternances;0;1;0;0;0;0;0;0;0;0;0;0;0;0;0;0;0;0;0;1;0;0;0;0;0;0;0;0;0;0;0;0;1;0;0;0;0;0;0;0;0;0;0;0;3;0;0;0;0;0;0;0;0;0;0;0;0;0;0;0;2;0;1;0;0;0;0;0;0;0;0;0;0;0;0;0;0;0;0;0;0;0;0;0;0;0;0;0;0;0;0;0;0;0;0;0;0;0;0;0;0;0;0;0;0;0;0;0;0;0;0;0;0;0;0;0;0;0;0;0;0;0;0;0;0;0;0;0;0;0;0;0;0;0;0;0;0;0;0;0;0;0;0;0;0;0;0;0;0
Vinci_Tonte_finJuillet;167;143;7;95;25;21;1;Vinci;Tonte;Tonte;Tonte;isole_tonte;50,667786;4,622726;11891,29588;11310,0493;27194,35491;0;2603,564941;2;Biereau;A;Tonte_tardive;Tonte_tardive;Nulle;3_finJuillet;22-07-22;14:00:00;14:30:00;21;alternances;0;2;0;0;0;0;0;0;0;0;0;0;0;0;0;0;0;0;0;1;0;0;0;0;0;0;0;0;0;0;0;0;0;1;0;1;0;0;0;0;0;0;0;0;3;0;0;0;0;0;0;0;0;0;0;0;0;0;0;0;1;0;0;0;0;0;0;0;0;0;0;0;0;0;0;0;0;0;0;0;0;0;0;0;0;0;0;0;0;0;0;0;0;0;0;0;0;0;0;0;0;0;0;0;0;0;0;1;0;0;0;0;0;0;0;0;0;0;0;0;0;0;0;0;0;0;0;0;0;0;0;1;0;0;0;0;0;0;0;0;0;0;0;0;0;0;0;0;0
Blocry_Tonte_finJuillet;140;148;10;107;6;6;1;Blocry;Tonte;Tonte;Tonte;isole_tonte;50,67029085;4,604130801;9100,485372;11406,62545;26943,76588;0;421,5638733;2;Hocaille;A;Tonte_recente;Tonte_recente;Forte;3_finJuillet;22-07-22;15:10:00;15:40:00;22;alternances;0;2;0;0;0;0;0;0;0;0;0;0;0;0;0;0;0;0;0;0;0;0;0;0;0;0;0;0;0;0;0;0;0;0;0;0;0;0;0;0;0;0;0;0;2;0;0;0;0;0;0;0;0;0;0;0;0;0;0;0;3;0;0;0;1;0;0;0;0;0;0;0;0;0;0;0;0;0;0;0;0;0;0;0;0;0;0;0;0;0;0;0;0;0;0;0;0;0;0;0;0;0;0;0;0;0;0;0;0;0;0;0;0;0;0;0;0;0;0;0;0;0;0;0;0;0;0;0;0;0;0;0;0;0;0;0;0;0;0;0;0;0;0;0;0;0;0;0;0
BlancsChevaux_Tonte_finJuillet;139;149;11;106;5;5;1;BlancsChevaux;Tonte;Tonte;Tonte;isole_tonte;50,670718;4,608892;5176,054555;13228,73054;7255,247475;1446,239863;716,491394;2;Hocaille;A;Tonte_tardive;Tonte_tardive;Forte;3_finJuillet;22-07-22;15:45:00;16:15:00;22;alternances;0;1;0;0;0;0;0;0;0;0;0;0;0;0;0;0;0;0;0;0;0;0;0;0;0;0;0;0;0;0;0;0;0;0;0;0;0;0;0;0;0;0;0;0;1;0;0;0;0;0;0;0;0;0;0;0;0;0;0;0;0;0;0;0;0;0;0;0;0;0;0;0;0;0;0;0;0;0;0;0;0;0;0;0;0;0;0;0;0;0;0;0;0;0;0;0;0;0;0;0;0;0;0;0;0;0;0;0;0;0;0;0;0;0;0;0;0;0;0;0;0;0;0;0;0;0;0;0;0;0;0;0;0;0;0;0;0;0;0;0;0;0;0;0;0;0;0;0;0
Herge_Tonte_finJuillet;138;150;12;105;4;4;1;Herge;Tonte;Tonte;Tonte;isole_tonte;50,671529;4,61263;12572,56178;9118,606335;4948,070229;5076,537488;584,1918945;2;Lauzelle;A;Tonte_tardive;Tonte_tardive;Moyenne;3_finJuillet;22-07-22;16:20:00;16:50:00;22;alternances;0;2;0;0;0;0;0;0;0;0;0;0;0;0;0;0;0;0;0;0;0;0;0;0;0;0;0;0;0;0;0;0;0;0;0;0;0;0;0;0;0;0;0;0;4;0;0;0;0;0;0;0;0;0;0;0;0;0;0;0;3;0;0;0;0;0;0;0;0;0;0;0;0;0;0;0;0;0;0;0;0;0;0;0;0;0;0;0;0;0;0;0;0;0;0;0;0;0;0;0;0;0;0;0;0;0;0;0;0;0;0;0;0;0;0;0;0;0;0;0;0;0;0;0;0;0;0;0;0;0;0;0;0;0;0;0;0;0;0;0;0;0;0;0;0;0;0;0;0
Source_Tonte_finJuillet;133;151;13;102;1;1;1;Source;Tonte;Tonte;Tonte;isole_tonte;50,672551;4,614151;15710,09907;8613,388082;0;0;1503,743408;2;Lauzelle;A;Tonte_tardive;Tonte_tardive;Moyenne;3_finJuillet;22-07-22;16:55:00;17:25:00;22;alternances;0;1;0;0;0;0;0;0;0;0;0;0;0;0;0;0;0;0;0;0;0;0;0;0;0;0;0;0;0;0;0;0;0;0;0;0;0;0;0;0;0;0;0;0;3;0;0;0;0;0;0;0;0;0;0;0;0;0;0;0;2;0;0;0;0;0;0;0;0;0;0;0;0;0;0;0;0;0;0;0;0;0;0;0;0;0;0;0;0;0;0;0;0;0;0;0;0;0;0;0;0;0;0;0;0;0;0;0;0;0;0;0;0;0;1;0;0;0;0;0;0;0;0;0;0;0;0;0;0;0;0;0;0;0;0;0;0;0;0;0;0;0;0;0;0;0;0;0;0
CAV_Fauche_finJuillet;141;152;14,1;108;7;7;2;CAV;Fauche;Seme;Seme;isole_fauche;50,670645;4,610333;4234,293653;21200,47001;7649,775776;1955,29834;1245,016968;1;Hocaille;B;Seme;Seme;Moyenne;3_finJuillet;23-07-22;10:20:00;10:55:00;19;soleil;2;0;1;0;2;0;0;0;0;0;1;2;0;0;0;0;0;0;0;1;1;3;0;0;0;1;0;0;0;1;2;0;0;2;0;0;0;0;0;0;0;0;0;2;0;0;0;0;0;0;0;0;0;0;0;0;0;0;0;1;1;0;3;0;6;0;0;0;0;0;0;0;0;0;0;1;0;0;0;0;0;0;0;0;0;0;0;0;0;3;0;0;0;0;0;0;0;1;0;0;0;0;0;0;0;0;0;0;0;0;2;0;0;0;0;0;0;0;0;0;0;0;0;0;0;0;0;0;0;0;0;0;0;0;0;0;0;0;0;0;0;0;0;0;1;1;0;0;0
Gare_bus_Tonte_finJuillet;191;154;15;111;39;30;1;Gare_bus;Tonte;Tonte;Tonte;isole_tonte;50,667854;4,612792;12594,60338;10041,5745;36740,09699;0;1154,62207;2;Centre;B;Tonte_recente;Tonte_recente;Forte;3_finJuillet;23-07-22;11:00:00;11:30:00;20;soleil;0;0;0;0;0;0;0;0;0;0;0;0;0;0;0;0;0;0;0;0;0;0;0;0;0;0;0;0;0;0;0;0;0;0;0;0;0;0;0;0;0;0;0;0;0;0;0;0;0;0;0;0;0;0;0;0;0;0;0;0;0;0;0;0;0;0;0;0;0;0;0;0;0;0;0;0;0;0;0;0;0;0;0;0;0;0;0;0;0;0;0;0;0;0;0;0;0;0;0;0;0;0;0;0;0;0;0;0;0;0;0;0;0;0;0;0;0;0;0;0;0;0;0;0;0;0;0;0;0;0;0;0;0;0;0;0;0;0;0;0;0;0;0;0;0;0;0;0;0
Bois_Palette_Tonte_finJuillet;194;155;16;114;42;32;1;Bois_Palette;Tonte;Tonte;Tonte;isole_tonte;50,66557481;4,608865049;5587,518075;6541,312868;1165,252286;19796,62105;1156,689453;2;Bruyeres;B;Tonte_recente;Tonte_recente;Moyenne;3_finJuillet;23-07-22;11:30:00;12:00:00;21;soleil;0;1;0;0;0;0;0;0;0;0;0;0;0;0;0;0;0;0;0;0;0;0;0;0;0;0;0;0;0;0;0;0;0;1;0;0;0;0;0;0;0;0;0;0;2;0;0;0;0;0;0;0;0;0;0;0;0;0;0;0;1;0;0;0;0;0;0;0;0;0;0;0;0;0;0;0;0;0;0;0;0;0;0;0;0;0;0;0;0;0;0;0;0;0;0;0;0;0;0;0;0;0;0;0;0;0;0;0;0;0;0;0;0;0;0;0;0;0;0;0;0;0;0;0;0;0;0;0;0;0;0;0;0;0;0;0;0;0;0;0;0;0;0;0;0;0;0;0;0
Aula_Tonte_finJuillet;196;156;17;116;44;34;1;Aula;Tonte;Tonte;Tonte;mixte;50,666357;4,60637;16345,26261;4600,931336;949,6576875;0;11990,00488;2;Bruyeres;B;Tonte_tardive;Tonte_tardive;Forte;3_finJuillet;23-07-22;11:50:00;12:20:00;22;soleil;0;1;0;0;0;0;0;0;0;0;0;0;0;0;1;0;0;0;0;1;0;0;0;0;0;2;0;0;0;0;0;0;2;2;0;0;0;0;0;0;0;0;0;0;0;0;0;0;0;0;0;0;0;0;0;0;0;0;0;0;0;0;1;0;2;0;0;0;0;0;0;0;0;0;0;0;0;0;0;0;0;0;0;0;0;0;0;0;0;0;0;0;0;0;0;0;0;0;0;0;0;0;0;0;0;0;0;0;0;0;0;0;0;0;0;0;0;0;0;0;0;0;0;0;0;0;0;0;0;0;0;0;0;1;0;0;0;0;0;0;0;0;0;0;0;0;0;0;0
Lac_Tonte_finJuillet;197;157;18;117;45;35;1;Lac;Tonte;Tonte;Tonte;mixte;50,664089;4,604985;18176,29224;6073,989396;1551,427122;2512,784866;1600,212158;2;Bruyeres;B;Tonte_tardive;Tonte_tardive;Moyenne;3_finJuillet;23-07-22;12:35:00;13:05:00;22;soleil;0;2;0;0;0;0;0;0;0;0;0;0;0;0;0;0;0;0;0;1;0;0;0;0;0;1;0;0;0;0;0;0;1;0;0;0;0;0;0;0;0;0;0;0;3;0;0;0;0;0;0;0;0;0;0;0;0;0;0;0;12;0;0;0;1;0;0;0;0;0;0;0;0;0;0;0;0;0;0;0;0;0;0;0;0;0;0;0;0;0;0;1;0;0;0;0;0;0;0;0;0;0;0;0;0;0;0;0;0;0;0;0;0;0;0;0;0;0;0;1;0;0;0;0;0;0;0;0;0;0;0;0;0;0;0;0;0;0;0;0;0;0;0;0;0;0;0;0;0
Lac_Fauche_finJuillet;198;158;19;118;46;35;1;Lac;Fauche;Fauche;Graminees;mixte;50,663983;4,60489;19250,7236;6116,725236;1551,427122;2512,784866;435,762146;1;Bruyeres;B;Fauche;Graminees;Nulle;3_finJuillet;23-07-22;13:25:00;13:55:00;23;soleil;0;0;0;0;1;0;0;0;0;0;0;0;0;0;0;0;0;1;0;0;1;0;0;0;0;1;0;0;0;0;0;0;0;0;0;0;0;0;0;0;0;0;0;0;0;0;0;0;0;0;0;0;0;0;0;0;0;0;0;0;0;0;0;0;1;0;0;0;0;0;0;0;0;0;0;0;0;0;0;2;2;0;0;0;0;0;0;0;0;0;1;0;0;0;0;0;0;0;1;0;0;0;0;0;0;0;0;1;0;0;0;0;0;0;0;0;0;0;0;0;0;0;0;0;0;0;0;0;0;0;0;0;0;1;0;0;0;0;0;0;0;0;0;0;0;3;0;0;0
Rondes_Bosses_Tonte_finJuillet;195;161;22;115;43;33;1;Rondes_Bosses;Tonte;Tonte;Tonte;isole_tonte;50,66474;4,607762;6176,622635;11531,83689;0;0;2700,358887;2;Bruyeres;B;Tonte_tardive;Tonte_tardive;Moyenne;3_finJuillet;23-07-22;13:50:00;14:20:00;23;soleil;0;1;0;0;0;0;0;0;0;0;0;0;0;0;0;0;0;0;0;1;0;0;0;0;0;0;0;0;0;0;0;0;1;0;0;0;0;0;0;0;0;0;0;0;4;0;0;0;0;0;0;0;0;0;0;0;0;0;0;0;10;0;1;0;0;0;0;0;0;0;0;0;0;0;0;0;0;0;0;0;0;0;0;0;0;0;0;0;0;0;0;0;0;0;0;0;0;0;0;0;0;0;0;0;0;0;0;0;0;0;0;0;0;0;0;0;0;0;0;0;0;0;0;0;0;0;0;0;0;0;0;1;0;0;0;0;0;0;0;0;0;0;0;0;0;0;0;0;0
Parc_Lapins_Tonte_finJuillet;192;162;23;112;40;31;1;Parc_Lapins;Tonte;Tonte;Tonte;mixte;50,664034;4,615877;13320,08768;4875,988173;325,7965974;8611,996662;7537,629883;2;Biereau;B;Tonte_recente;Tonte_recente;Moyenne;3_finJuillet;23-07-22;14:35:00;15:05:00;24;soleil;0;1;0;0;0;0;0;0;0;0;0;0;0;0;0;0;0;0;0;0;0;0;0;0;0;0;0;0;0;0;0;0;0;0;0;0;0;0;0;0;0;0;0;0;3;0;0;0;0;0;0;0;0;0;0;0;0;0;0;0;1;0;2;0;0;0;0;0;0;0;0;0;0;0;0;0;0;0;0;0;0;0;0;0;0;0;0;0;0;0;0;0;0;0;0;0;0;0;0;0;0;0;0;0;0;0;0;0;0;0;0;0;0;0;0;0;0;0;0;0;0;0;0;0;0;0;0;0;0;0;0;0;0;0;0;0;0;0;0;0;0;0;0;0;0;0;0;0;0
Parc_Lapins_Fauche_finJuillet;193;163;24;113;41;31;1;Parc_Lapins;Fauche;Fauche;Graminees;mixte;50,663958;4,616191;13014,34325;7071,528093;359,3736281;5946,209201;2099,108643;1;Biereau;B;Fauche;Graminees;Nulle;3_finJuillet;23-07-22;15:10:00;15:40:00;24;soleil;0;0;0;0;0;0;0;0;0;0;0;0;0;0;0;0;0;2;0;0;0;0;0;0;0;0;0;0;0;0;0;0;0;0;0;0;0;0;0;0;0;0;0;0;0;0;0;0;0;0;0;0;0;0;0;0;0;9;0;5;0;0;0;0;0;0;0;0;0;0;0;0;0;0;0;0;0;0;0;0;0;0;0;0;0;0;0;6;1;1;0;0;0;0;0;0;0;0;0;0;0;0;0;0;0;0;0;7;0;0;0;0;0;0;0;0;0;1;2;0;0;0;0;0;0;0;0;0;0;0;0;0;0;0;0;0;0;0;0;0;3;1;0;0;0;2;0;3;0
Mercator_Tonte_finJuillet;149;164;25;121;12;11;1;Mercator;Tonte;Tonte;Tonte;isole_tonte;50,669501;4,619825;10239,85851;12431,81166;18405,57818;1840,110162;277,0678711;2;Biereau;B;Tonte_tardive;Tonte_tardive;Nulle;3_finJuillet;23-07-22;16:20:00;16:50:00;25;soleil;0;3;0;0;0;0;0;0;0;0;1;0;0;1;0;0;0;0;0;1;1;0;0;0;0;0;0;0;0;0;0;0;0;1;0;1;0;0;0;0;0;0;0;0;0;0;0;0;0;0;0;0;0;0;0;0;0;0;0;0;1;0;0;0;0;0;0;0;0;0;0;0;0;0;0;0;0;0;0;0;0;0;0;0;0;0;0;0;0;0;0;1;0;0;0;0;0;0;0;0;0;0;1;0;0;0;0;1;0;0;0;0;0;0;0;0;0;0;0;0;0;0;0;0;0;0;0;0;0;0;0;0;0;0;0;0;0;0;0;1;0;0;0;0;0;0;0;0;0
Lavoisier_Fauche_finJuillet;150;165;26;122;13;12;1;Lavoisier;Fauche;Fauche;Fleuri;mixte;50,66913;4,620026;10410,37763;14678,41167;18324,59217;1842,821859;64,30910492;1;Biereau;B;Fauche;Fleuri;Nulle;3_finJuillet;23-07-22;16:55:00;17:25:00;26;soleil;0;1;0;0;0;0;0;0;0;0;0;0;0;0;0;0;0;0;0;2;1;0;0;0;0;0;0;0;0;0;0;0;0;0;0;0;0;0;0;0;0;0;0;0;0;0;0;0;0;0;0;0;0;0;0;0;0;0;0;1;0;0;0;0;0;0;0;0;0;0;0;0;0;0;0;0;0;0;0;0;0;0;0;0;0;0;0;0;0;0;0;0;0;0;0;0;0;0;0;0;0;0;0;0;0;0;0;0;0;0;0;0;0;0;0;0;0;0;0;0;0;0;0;0;0;0;0;0;0;0;0;0;0;0;0;0;0;0;0;0;0;0;0;0;0;0;0;0;0
Lavoisier_Tonte_finJuillet;151;166;27;123;14;12;1;Lavoisier;Tonte;Tonte;Tonte;mixte;50,669101;4,620129;10751,05275;14157,65517;17812,20067;2107,73581;567,1312866;2;Biereau;B;Tonte_tardive;Tonte_tardive;Nulle;3_finJuillet;23-07-22;17:10:00;17:40:00;26;soleil;0;1;0;0;0;0;0;0;0;0;0;0;0;0;0;0;0;0;0;1;0;0;0;0;0;0;0;0;0;0;0;0;0;1;0;0;0;0;0;0;0;0;0;0;2;0;0;0;0;0;0;0;0;0;0;0;0;0;0;0;0;0;0;0;0;0;0;0;0;0;0;0;0;0;0;0;0;0;0;0;0;0;0;0;0;0;0;0;0;0;0;0;0;0;0;0;0;0;0;0;0;0;0;0;0;0;0;1;0;0;0;0;0;0;0;0;0;0;0;0;0;0;0;0;0;0;0;0;0;0;0;0;0;0;0;0;0;0;0;0;0;0;0;0;0;0;0;0;0
Sc_Fauche_finJuillet;152;167;28;124;15;13;1;Sc;Fauche;Fauche;Fleuri;mixte;50,668757;4,620301;9387,715517;16004,95172;20061,31639;2184,530226;387,6246643;1;Biereau;B;Fauche;Fleuri;Nulle;3_finJuillet;23-07-22;17:40:00;18:10:00;26;soleil;0;0;0;1;0;0;0;0;1;1;0;3;0;0;0;0;0;0;0;1;1;0;0;0;0;0;1;1;0;0;0;0;2;0;0;0;0;0;0;0;0;0;0;2;0;0;0;0;0;0;0;0;1;0;0;0;0;0;0;1;0;0;0;0;0;0;0;0;0;0;0;0;0;0;0;0;0;0;0;0;0;0;0;0;0;0;0;0;0;0;0;0;0;0;0;0;0;0;0;0;0;1;0;0;0;0;0;1;0;0;0;0;0;0;0;0;0;0;0;0;0;0;0;0;0;0;0;0;0;0;0;0;0;1;0;0;0;0;0;0;0;0;0;0;5;0;0;0;0
Reaumur_Fauche_finJuillet;157;168;29,1;127;18;15;2;Reaumur;Fauche;Seme;Seme;mixte;50,66880848;4,621312102;8339,227715;15646,36921;13832,98827;3755,410674;900,3970947;1;Biereau;C;Seme;Seme;Nulle;3_finJuillet;24-07-22;09:30:00;10:05:00;21;soleil;1;0;0;0;2;0;0;2;2;0;0;3;0;0;0;0;0;0;0;1;1;0;0;0;0;0;0;0;0;0;0;0;0;0;0;0;0;0;0;1;0;0;0;0;0;0;0;0;0;0;0;0;0;0;0;0;0;0;0;2;0;0;8;0;0;0;0;0;0;0;0;0;0;0;0;0;0;0;1;0;0;0;0;2;0;0;0;0;0;0;0;0;0;0;0;1;0;0;1;0;0;5;0;0;0;0;0;3;0;0;0;0;0;0;0;0;0;0;0;0;0;0;0;0;0;0;0;0;0;0;0;0;0;1;0;0;0;0;0;0;0;0;0;0;3;0;0;0;0
Creche_Fauche_finJuillet;153;170;30,1;125;16;14;3;Creche;Fauche;Fauche;Fleuri;isole_fauche;50,669873;4,621243;6603,832161;10742,07112;10662,59059;2496,893609;1589,909302;1;Biereau;C;Seme;Fleuri;Nulle;3_finJuillet;24-07-22;10:15:00;10:50:00;23;soleil;2;0;0;0;0;0;0;0;0;0;0;2;0;0;0;0;0;0;0;2;1;0;0;0;0;0;0;0;0;0;0;0;0;1;0;0;0;0;0;0;0;0;0;0;1;0;0;0;0;0;0;0;0;0;0;0;0;0;0;0;0;0;0;0;0;0;0;0;0;0;0;0;0;0;0;0;0;0;0;0;0;0;0;0;0;0;0;0;0;0;0;0;0;1;0;0;0;0;2;0;0;0;0;0;0;0;0;5;0;0;0;0;0;0;0;0;0;0;0;0;0;0;0;0;0;0;0;0;0;0;0;0;0;0;0;0;0;0;0;2;0;0;0;0;3;1;0;1;0
AvGL_Fauche_finJuillet;160;173;31;129;20;16;1;AvGL;Fauche;Fauche;Fleuri;mixte;50,670063;4,623615;9827,306641;6529,242285;14002,28611;5132,816804;118,6545486;1;Biereau;C;Fauche;Fleuri;Nulle;3_finJuillet;24-07-22;11:00:00;11:30:00;24;soleil;0;0;0;0;0;0;0;0;0;0;0;0;0;0;0;0;+;0;0;2;1;0;0;0;0;0;0;0;0;0;0;0;0;1;0;0;0;0;0;0;0;0;0;0;2;0;0;0;0;0;1;0;0;0;0;0;0;0;1;0;2;0;0;0;1;0;0;0;0;0;0;0;0;0;0;0;0;0;0;0;0;0;0;0;0;0;0;0;0;0;0;0;0;0;0;0;0;0;0;0;0;0;0;0;1;0;0;3;0;0;0;0;0;0;0;0;0;0;0;0;0;0;0;0;0;0;0;0;0;0;0;0;0;0;0;0;0;0;0;0;0;0;0;0;1;1;0;0;0
Redime_Fauche_finJuillet;163;174;32,1;132;23;19;3;Redime;Fauche;Seme;Seme;mixte;50,668859;4,624446;4351,469958;7695,884347;18916,8979;6841,009704;537,8236084;1;Biereau;C;Seme;Seme;Nulle;3_finJuillet;24-07-22;11:40:00;12:15:00;26;soleil;0;0;0;0;2;0;0;0;2;0;1;1;0;0;1;0;0;0;1;1;2;0;+;0;1;1;0;0;1;0;3;0;1;0;0;0;0;0;1;0;0;0;0;3;0;0;0;0;0;0;0;0;0;0;0;0;0;0;0;0;2;0;2;0;2;0;0;0;0;0;1;0;0;0;0;0;0;0;0;0;0;0;0;0;0;0;0;0;0;0;0;0;0;0;0;0;0;0;0;0;0;2;2;0;0;0;0;1;0;0;0;0;0;0;0;0;0;0;1;0;0;0;0;0;0;0;0;0;0;0;0;0;0;0;0;0;0;0;0;2;1;0;0;1;0;2;0;0;0
AvThSc_Fauche_finJuillet;166;177;33;133;24;20;1;AvThSc;Fauche;Fauche;Fleuri;isole_fauche;50,668167;4,624323;7491,093543;9137,534486;8270,817157;4660,72433;2187,670166;1;Biereau;C;Fauche;Fleuri;Moyenne;3_finJuillet;24-07-22;12:20:00;12:50:00;27;soleil;0;1;0;0;0;0;0;0;0;0;0;0;0;0;0;0;0;0;0;2;0;0;0;0;0;0;0;0;0;0;0;0;0;1;0;0;0;0;0;0;0;0;0;0;1;0;0;0;0;0;0;0;0;0;0;0;0;0;0;1;0;0;0;0;1;0;0;0;0;0;0;0;0;0;0;0;0;0;0;0;0;1;0;0;0;0;0;0;0;0;0;0;0;0;0;0;0;0;0;0;0;0;0;0;0;0;0;0;0;0;0;0;0;0;0;0;0;0;0;0;0;0;0;0;0;0;0;0;0;0;0;0;0;0;0;0;0;0;0;0;0;0;0;0;0;0;0;0;0
BST_Fauche_finJuillet;146;178;34,1;120;11;10;3;BST;Fauche;Fauche;Fleuri;mixte;50,669741;4,618801;4096,484311;11677,3224;32702,59211;922,0572379;587,1217041;1;Biereau;C;Fauche;Fleuri;Nulle;3_finJuillet;24-07-22;13:05:00;13:45:00;27;soleil;0;1;0;0;0;0;0;1;0;0;0;1;0;0;0;0;0;0;0;2;2;0;0;0;0;0;0;0;0;0;0;0;0;2;0;0;0;0;0;0;0;0;2;0;2;0;0;0;0;0;0;0;0;0;0;0;0;0;0;2;0;1;0;0;2;0;0;0;0;0;0;0;0;0;0;0;2;0;0;0;0;0;0;0;0;0;0;0;0;0;0;0;0;0;0;0;0;0;1;0;0;1;1;1;0;0;0;9;0;0;0;0;0;0;0;0;0;0;0;0;0;0;0;0;0;0;0;0;0;0;0;0;0;0;0;0;0;0;0;0;0;0;0;0;0;0;0;0;0
BST_Tonte_finJuillet;145;181;35;119;10;10;1;BST;Tonte;Tonte;Tonte;mixte;50,669937;4,619023;2505,400996;10772,11221;31175,34516;922,0572379;489,7449646;2;Biereau;C;Tonte_tardive;Tonte_tardive;Moyenne;3_finJuillet;24-07-22;13:45:00;14:15:00;28;soleil;0;2;0;0;0;0;0;0;0;0;1;0;0;0;0;0;0;0;0;1;0;0;0;0;0;0;0;0;0;0;0;0;0;1;0;0;0;0;0;0;0;0;2;0;2;0;0;0;0;0;0;0;0;0;0;0;0;0;0;0;2;0;0;0;0;0;0;0;0;0;0;0;0;0;0;0;0;0;0;0;0;0;0;0;0;0;0;0;0;0;0;0;0;0;0;0;0;0;0;0;0;0;0;0;0;0;0;0;0;0;0;0;0;0;0;0;0;0;0;0;0;0;0;0;0;0;0;0;0;0;0;0;0;0;0;0;0;0;0;0;2;0;0;0;0;0;0;0;0
Reaumur_Tonte_finJuillet;156;182;36;126;17;15;1;Reaumur;Tonte;Tonte;Tonte;mixte;50,668958;4,62123;9131,370392;15015,67879;14035,09995;4207,187049;358,786499;2;Biereau;C;Tonte_tardive;Tonte_tardive;Nulle;3_finJuillet;24-07-22;14:20:00;14:50:00;29;soleil;0;1;0;0;0;0;0;0;0;0;2;1;0;0;0;0;0;0;0;0;0;0;0;0;0;0;0;0;0;0;0;0;1;0;0;0;0;0;0;0;0;0;0;0;3;0;0;0;0;0;0;0;0;0;0;0;0;0;0;0;4;0;1;0;1;0;0;0;0;0;0;0;0;0;0;0;0;0;0;0;0;0;0;0;0;0;0;0;0;0;0;0;1;0;0;0;0;0;0;0;0;0;0;0;0;0;0;0;0;0;0;0;0;0;0;0;0;0;0;0;0;0;0;0;0;0;0;0;0;0;0;0;0;1;0;0;0;0;0;0;0;0;0;0;0;0;0;0;0
AvGL_Tonte_finJuillet;159;183;37;128;19;16;1;AvGL;Tonte;Tonte;Tonte;mixte;50,669887;4,624059;6283,915266;6780,912215;14592,46253;6079,53507;356,856781;2;Biereau;C;Tonte_tardive;Tonte_tardive;Nulle;3_finJuillet;24-07-22;14:55:00;15:25:00;29;soleil;0;2;0;0;0;0;0;0;0;0;0;0;0;0;0;0;0;0;0;1;0;0;0;0;0;0;0;0;0;0;0;0;0;1;0;0;0;0;0;0;0;0;0;0;1;0;0;0;0;0;0;0;0;0;0;0;0;0;0;0;0;0;0;0;0;0;0;0;0;0;0;0;0;0;0;0;0;0;0;0;0;0;0;0;0;0;0;0;0;0;0;0;0;0;0;0;0;0;0;0;0;0;0;0;0;0;0;0;0;0;0;0;0;0;0;0;0;0;0;0;0;0;0;0;0;0;0;0;0;0;0;0;0;0;0;0;0;0;0;0;0;0;0;0;0;0;0;0;0
Maxwell_Tonte_finJuillet;162;184;38;131;22;18;1;Maxwell;Tonte;Tonte;Tonte;mixte;50,608823;4,623991;5401,127791;12707,09936;21776,20809;3711,098226;982,272644;2;Biereau;C;Tonte_tardive;Tonte_tardive;Moyenne;3_finJuillet;24-07-22;15:20:00;15:50:00;29;soleil;0;2;0;0;0;0;1;0;0;0;0;0;0;0;0;0;0;0;0;0;0;0;0;0;0;0;1;0;0;0;0;0;0;2;0;1;0;0;0;0;0;0;0;0;3;0;0;0;0;0;0;0;0;0;0;0;0;0;0;2;12;0;0;0;0;0;0;0;0;0;0;0;0;0;0;0;0;0;0;0;0;0;0;0;0;0;0;0;0;0;0;0;0;0;0;0;0;0;0;0;0;1;0;0;0;0;0;0;0;0;0;0;0;0;0;0;0;0;0;0;0;0;0;0;0;0;0;0;0;0;0;0;0;0;0;0;0;0;0;0;0;0;0;0;0;0;0;0;0
Stevin_Tonte_finJuillet;161;185;39;130;21;17;1;Stevin;Tonte;Tonte;Tonte;isole_tonte;50,668929;4,623032;7024,203875;21223,07357;15363,91107;310,190902;653,9789429;2;Biereau;C;Tonte_tardive;Tonte_tardive;Moyenne;3_finJuillet;24-07-22;15:55:00;16:25:00;30;soleil;0;1;0;0;0;0;0;0;0;0;0;0;0;0;0;0;0;0;0;1;0;0;0;0;0;0;0;0;0;0;0;0;0;2;0;0;0;0;0;0;0;0;0;0;3;0;0;0;0;0;0;0;0;0;0;0;0;0;0;0;9;0;2;0;0;0;0;0;0;0;0;0;0;0;0;0;0;0;0;0;0;0;0;0;0;0;0;0;0;0;0;0;0;0;0;0;0;0;0;0;0;0;0;0;0;0;0;0;0;0;0;0;0;0;0;0;0;0;0;0;0;0;0;0;0;0;0;0;0;0;0;0;0;0;0;0;0;0;0;0;0;0;0;0;0;1;0;0;0
Serres_Fauche_finJuillet;183;186;40,1;137;35;27;3;Serres;Fauche;Seme;Fleuri;isole_fauche;50,665987;4,619005;11377,34724;11507,86653;7648,945216;3897,252101;723,8536987;1;Biereau;D;Seme;Fleuri;Nulle;3_finJuillet;25-07-22;09:40:00;10:20:00;20;soleil;1;0;0;0;1;0;0;0;1;0;1;2;0;0;0;2;0;1;0;1;1;1;0;0;0;3;1;0;0;0;3;0;2;0;0;0;0;0;1;0;0;0;0;1;0;0;0;0;0;0;0;0;0;0;0;0;0;0;0;0;16;0;3;0;3;0;0;2;0;0;0;0;0;0;0;0;0;0;0;0;0;0;0;0;0;0;0;0;0;6;0;0;0;0;0;0;0;0;0;0;0;0;0;0;0;0;0;0;0;0;1;0;0;0;0;0;0;0;0;0;0;0;0;0;0;0;0;1;0;0;0;0;0;0;0;0;0;0;0;1;0;0;0;0;0;3;0;0;0
Mendel_Tonte_finJuillet;186;189;41;138;36;28;1;Mendel;Tonte;Tonte;Tonte;isole_tonte;50,66566;4,620241;8551,801887;13279,52482;20912,72229;1232,037366;1365,796631;2;Biereau;D;Tonte_tardive;Tonte_tardive;Nulle;3_finJuillet;25-07-22;10:25:00;10:55:00;21;soleil;0;1;0;0;0;0;0;0;0;0;2;0;0;0;0;0;0;0;0;1;0;0;0;0;0;0;0;0;0;0;0;0;0;0;0;0;0;0;0;0;0;0;0;0;0;0;0;0;0;0;0;0;0;0;0;0;0;0;0;0;0;0;0;0;0;0;0;0;0;0;0;0;0;0;0;0;0;0;0;0;0;0;0;0;0;0;0;0;0;0;0;0;0;0;0;0;0;0;0;0;0;0;0;0;0;0;0;0;0;0;0;0;0;0;0;0;0;0;0;0;0;0;0;0;0;0;0;0;0;0;0;0;0;0;0;0;0;0;0;0;0;0;0;0;0;0;0;0;0
Curie_Tonte_finJuillet;168;190;42;134;26;22;1;Curie;Tonte;Tonte;Tonte;isole_tonte;50,667323;4,620178;4065,174977;19161,81435;31467,64669;90,20024156;273,2912598;2;Biereau;D;Tonte_tardive;Tonte_tardive;Moyenne;3_finJuillet;25-07-22;11:00:00;11:30:00;23;alternances;0;1;0;0;0;0;1;0;0;0;1;0;0;0;0;0;0;0;0;0;0;0;0;0;0;0;0;0;1;0;0;0;1;0;1;0;0;0;0;0;0;0;0;0;2;0;1;0;0;0;0;0;0;0;0;0;0;0;0;0;2;0;0;0;1;0;0;0;0;0;0;0;0;0;0;0;0;0;0;0;0;0;0;0;0;0;0;0;0;0;0;0;0;0;0;0;0;0;0;0;0;0;0;0;0;0;0;0;0;0;0;0;0;0;0;0;0;0;0;0;0;0;0;0;0;0;0;0;0;0;0;0;0;0;0;0;0;0;0;0;1;0;0;0;0;0;0;0;0
Kellner_Tonte_finJuillet;187;191;43;139;37;29;1;Kellner;Tonte;Tonte;Tonte;mixte;50,666356;4,619539;4927,496469;18191,71819;8708,509041;4086,477422;394,2754211;2;Biereau;D;Tonte_tardive;Tonte_tardive;Nulle;3_finJuillet;25-07-22;11:40:00;12:10:00;23;alternances;0;1;0;0;0;0;0;0;0;0;1;0;0;0;0;0;0;0;0;1;0;0;0;0;0;0;0;0;0;0;0;0;1;0;0;0;0;0;0;0;0;0;0;0;0;0;0;0;0;0;0;0;0;0;0;0;0;0;0;0;0;0;1;0;0;0;0;0;0;0;0;0;0;0;0;0;0;0;0;0;0;0;0;0;0;0;0;0;0;0;0;0;0;0;0;0;0;0;0;0;0;0;0;0;0;0;0;2;0;0;0;0;0;0;0;0;0;0;0;0;0;0;0;0;0;0;0;0;0;0;0;0;0;0;0;0;0;0;0;0;0;0;0;0;0;0;0;0;0
Kellner_Fauche_finJuillet;188;192;44,1;140;38;29;3;Kellner;Fauche;Seme;Seme;mixte;50,666018;4,619483;8602,354808;14672,78326;9209,763076;3534,904442;473,1366272;1;Biereau;D;Seme;Seme;Nulle;3_finJuillet;25-07-22;12:20:00;12:55:00;24;alternances;1;0;0;0;1;0;0;0;0;0;0;2;0;0;0;0;0;0;1;1;2;0;0;1;0;3;0;0;0;0;3;0;0;0;0;0;0;0;0;0;0;0;0;1;0;0;0;0;1;0;0;0;0;0;0;0;0;0;0;0;13;0;0;0;1;0;0;2;0;0;0;0;0;0;0;0;0;0;0;0;0;0;0;0;0;0;0;4;1;6;0;0;0;0;0;0;0;1;0;0;0;0;0;0;0;0;0;0;0;0;0;0;0;0;0;0;0;0;0;0;0;0;0;0;0;0;0;0;0;0;0;0;0;0;0;0;0;0;0;1;0;0;0;0;9;0;0;0;0
Carnoy_Fauche_finJuillet;180;195;45,1;136;34;26;3;Carnoy;Fauche;Seme;Fleuri;mixte;50,66667;4,618779;5986,330698;11063,1922;18139,03125;4054,062713;1284,775513;1;Biereau;D;Seme;Fleuri;Nulle;3_finJuillet;25-07-22;13:05:00;13:40:00;22;nuageux;1;0;0;0;1;1;0;0;0;0;1;4;0;0;0;0;0;0;1;1;1;1;0;0;1;2;0;0;0;2;2;0;0;0;0;0;0;1;0;0;0;0;0;2;0;0;0;0;0;0;0;0;0;0;0;0;0;0;0;0;0;0;1;0;1;0;0;0;0;0;0;0;0;0;0;0;0;0;0;0;0;0;0;0;0;0;1;0;0;1;0;0;0;0;0;0;0;0;0;0;0;0;0;0;0;0;0;1;0;0;0;0;1;0;0;0;0;0;0;0;0;0;0;0;0;0;0;0;0;0;0;0;0;0;0;0;0;0;0;1;0;0;0;0;2;2;0;0;0
Carnoy_Tonte_finJuillet;179;198;46;135;33;26;1;Carnoy;Tonte;Tonte;Tonte;mixte;50,666953;4,619166;5255,025941;13087,03595;21702,63098;2780,341167;961,1496582;2;Biereau;D;Tonte_tardive;Tonte_tardive;Moyenne;3_finJuillet;25-07-22;13:45:00;14:15:00;22;nuageux;0;3;0;0;0;0;0;0;0;0;1;0;0;0;0;0;0;0;0;1;0;0;0;0;0;0;0;0;0;0;0;0;0;1;0;0;0;0;0;0;0;0;0;0;4;0;0;0;0;0;0;0;0;0;0;0;0;0;0;0;1;0;1;0;0;0;0;1;0;0;0;0;0;1;0;0;0;0;0;0;0;0;0;0;0;0;0;0;0;0;0;0;0;0;0;0;0;0;0;0;0;0;0;0;0;0;0;0;0;0;0;0;0;0;0;0;0;0;0;0;0;0;0;0;0;0;0;0;0;0;0;0;0;0;0;0;0;0;0;0;0;0;0;0;0;0;0;0;0
